1|water|پانی|A clear liquid that people drink|Please give me a glass of water.
1|food|کھانا|Things that people and animals eat|We buy fresh food from the market.
1|house|گھر|A building where a family lives|Their house has a small garden.
1|book|کتاب|Pages joined together for reading|I read one book every week.
1|school|سکول|A place where children learn|My school starts at eight in the morning.
1|teacher|استاد|A person who teaches students|Our teacher explains every lesson slowly.
1|student|طالب علم|A person who is learning|Every student needs a notebook.
1|friend|دوست|A person you like and trust|My friend helps me with homework.
1|family|خاندان|Parents and children together|My family eats dinner together.
1|mother|ماں|A female parent|My mother cooks very tasty food.
1|father|والد|A male parent|My father drives me to school.
1|brother|بھائی|A male child of your parents|My brother is older than me.
1|sister|بہن|A female child of your parents|My sister studies in the same school.
1|child|بچہ|A young boy or girl|The child is playing in the park.
1|baby|ننھا بچہ|A very young child|The baby is sleeping quietly.
1|man|آدمی|An adult male person|A tall man asked for directions.
1|woman|عورت|An adult female person|The woman opened the shop early.
1|boy|لڑکا|A young male person|The boy kicked the ball hard.
1|girl|لڑکی|A young female person|The girl won the running race.
1|person|شخص|A single human being|Only one person was waiting outside.
1|hand|ہاتھ|The part at the end of your arm|Wash your hands before eating.
1|head|سر|The top part of your body|He covered his head in the sun.
1|eye|آنکھ|The body part you see with|Close your eyes and rest.
1|ear|کان|The body part you hear with|Loud noise hurts my ears.
1|nose|ناک|The body part you smell with|The cold made my nose red.
1|mouth|منہ|The body part you speak and eat with|Do not talk with your mouth full.
1|foot|پاؤں|The body part at the end of your leg|My foot hurts after the long walk.
1|leg|ٹانگ|The long body part you walk with|He broke his leg last year.
1|arm|بازو|The body part between shoulder and hand|She carried the bag on her arm.
1|hair|بال|The threads that grow on your head|Her hair is long and black.
1|heart|دل|The organ that pumps blood|Exercise keeps the heart strong.
1|face|چہرہ|The front part of your head|Wash your face with cold water.
1|tooth|دانت|A hard white part in your mouth|Brush every tooth carefully.
1|finger|انگلی|One of the five parts of your hand|He pointed with one finger.
1|back|پیٹھ|The rear part of your body|My back hurts from sitting too long.
1|sun|سورج|The bright star that gives light|The sun rises in the east.
1|moon|چاند|The bright object in the night sky|The moon looks very big tonight.
1|star|ستارہ|A small bright light in the sky|We counted every star we could see.
1|sky|آسمان|The space above the earth|The sky turned dark before the rain.
1|rain|بارش|Water falling from clouds|The rain washed the dusty streets.
1|wind|ہوا|Moving air|A cold wind blew all evening.
1|cloud|بادل|White or grey shapes in the sky|A big cloud covered the sun.
1|fire|آگ|Hot bright flames|Do not touch the fire.
1|earth|زمین|The planet where we live|We must keep the earth clean.
1|tree|درخت|A tall plant with a trunk|A tall tree stands near our gate.
1|flower|پھول|The colourful part of a plant|She picked a yellow flower.
1|grass|گھاس|Green plants that cover the ground|The grass is wet in the morning.
1|leaf|پتہ|A flat green part of a plant|One dry leaf fell on my book.
1|river|دریا|A long stream of water|The river flows past our village.
1|sea|سمندر|A very large area of salt water|We saw the sea for the first time.
1|mountain|پہاڑ|A very high hill|Snow covers the mountain in winter.
1|road|سڑک|A hard path for cars|This road leads to the market.
1|city|شہر|A large town|Lahore is a very old city.
1|village|گاؤں|A small place in the countryside|My grandparents live in a village.
1|country|ملک|A nation with its own government|Pakistan is my country.
1|garden|باغ|A place where plants grow|We sit in the garden every evening.
1|market|بازار|A place where things are sold|The market is busy on Sunday.
1|shop|دکان|A place that sells things|This shop opens at nine.
1|hospital|ہسپتال|A place where sick people are treated|The hospital is near the bus stop.
1|office|دفتر|A place where people work|My father leaves for the office early.
1|room|کمرہ|A part of a building with walls|My room is small but tidy.
1|door|دروازہ|The part you open to enter|Please close the door quietly.
1|window|کھڑکی|A glass opening in a wall|Open the window for fresh air.
1|wall|دیوار|The side of a room or building|We painted the wall white.
1|floor|فرش|The surface you walk on inside|The floor is cold in winter.
1|table|میز|A flat surface on legs|Put the plates on the table.
1|chair|کرسی|A seat for one person|Please take this chair.
1|bed|بستر|Furniture for sleeping|I make my bed every morning.
1|kitchen|باورچی خانہ|The room where food is cooked|The kitchen smells wonderful.
1|key|چابی|A metal tool that opens a lock|I lost the key to my room.
1|bread|روٹی|A basic food made from flour|We eat bread with every meal.
1|rice|چاول|Small white grains used as food|She cooked rice for lunch.
1|milk|دودھ|A white drink from cows|Drink your milk before it gets cold.
1|egg|انڈا|A round food from a hen|I eat one boiled egg daily.
1|meat|گوشت|Food from animals|The meat is cooking slowly.
1|fruit|پھل|Sweet food from plants|Fresh fruit is good for health.
1|apple|سیب|A round red or green fruit|An apple a day keeps you healthy.
1|banana|کیلا|A long yellow fruit|He ate a banana after running.
1|mango|آم|A sweet orange fruit|Mango is my favourite fruit.
1|vegetable|سبزی|A plant used as food|Eat one vegetable with every meal.
1|salt|نمک|A white powder that adds taste|Add a little salt to the soup.
1|sugar|چینی|A sweet white powder|I take no sugar in my tea.
1|tea|چائے|A hot drink made from leaves|We drink tea in the evening.
1|oil|تیل|A thick liquid used for cooking|Heat the oil in the pan.
1|plate|پلیٹ|A flat dish for food|Put your plate in the sink.
1|cup|کپ|A small container for drinks|This cup is still hot.
1|knife|چاقو|A tool for cutting|Use a knife to cut the fruit.
1|spoon|چمچ|A tool for eating soup|Stir the tea with a spoon.
1|dog|کتا|A common pet animal|Our dog barks at strangers.
1|cat|بلی|A small pet animal|The cat sleeps all afternoon.
1|bird|پرندہ|An animal with wings|A small bird sat on the wire.
1|fish|مچھلی|An animal that lives in water|We saw a big fish in the pond.
1|horse|گھوڑا|A large animal people ride|The horse ran across the field.
1|cow|گائے|A farm animal that gives milk|The cow is standing near the tree.
1|goat|بکری|A small farm animal|The goat ate the green leaves.
1|sheep|بھیڑ|A farm animal with wool|Every sheep followed the shepherd.
1|lion|شیر|A large wild cat|The lion is called the king of animals.
1|elephant|ہاتھی|A very large grey animal|The elephant lifted the log easily.
1|monkey|بندر|A clever animal that climbs|A monkey took the boy's cap.
1|snake|سانپ|A long animal with no legs|A snake moved through the grass.
1|red|سرخ|The colour of blood|She wore a red dress.
1|blue|نیلا|The colour of the clear sky|His shirt is dark blue.
1|green|سبز|The colour of grass|The fields look green after rain.
1|yellow|پیلا|The colour of the sun|A yellow taxi stopped here.
1|black|کالا|The darkest colour|He carried a black bag.
1|white|سفید|The colour of milk|The walls are painted white.
1|brown|بھورا|The colour of wood|Her brown shoes are new.
1|big|بڑا|Large in size|They live in a big house.
1|small|چھوٹا|Little in size|This is a small mistake.
1|long|لمبا|Measuring a lot from end to end|It was a long journey.
1|short|چھوٹا|Not long|Give me a short answer.
1|tall|لمبا قد|High from top to bottom|He is the tallest boy in class.
1|old|پرانا|Not new or not young|This is an old photograph.
1|new|نیا|Made or bought recently|I bought a new bag today.
1|young|جوان|Not old|A young man helped us.
1|good|اچھا|Of high quality|That was a good decision.
1|bad|برا|Not good|Smoking is a bad habit.
1|hot|گرم|Having a high temperature|The tea is too hot.
1|cold|ٹھنڈا|Having a low temperature|The water is very cold.
1|happy|خوش|Feeling pleasure|She looks happy today.
1|sad|اداس|Feeling unhappy|He was sad after the news.
1|easy|آسان|Not difficult|The test was easy for everyone.
1|hard|مشکل|Difficult or solid|This question is hard.
1|fast|تیز|Moving quickly|That is a fast train.
1|slow|سست|Not fast|The traffic is very slow today.
1|clean|صاف|Free from dirt|Keep your room clean.
1|dirty|گندا|Not clean|His shoes are dirty.
1|full|بھرا ہوا|Holding as much as possible|The bus is already full.
1|empty|خالی|Containing nothing|The bottle is empty.
1|open|کھلا|Not closed|The shop is open until eight.
1|close|بند کرنا|To shut something|Please close the gate.
1|right|صحیح|Correct or the opposite of left|Your answer is right.
1|wrong|غلط|Not correct|I dialled the wrong number.
1|near|قریب|A short distance away|The mosque is near our house.
1|far|دور|A long distance away|The airport is far from here.
1|early|جلدی|Before the usual time|He came early to help.
1|late|دیر|After the usual time|Sorry, I am late again.
1|strong|مضبوط|Having power|He is strong enough to lift it.
1|weak|کمزور|Not strong|She felt weak after the fever.
1|rich|امیر|Having a lot of money|A rich man built this school.
1|poor|غریب|Having little money|They help poor families.
1|beautiful|خوبصورت|Very pleasant to look at|The valley is beautiful in spring.
1|ugly|بدصورت|Not pleasant to look at|That was an ugly old chair.
1|quiet|خاموش|Making little noise|Please stay quiet in the library.
1|loud|بلند آواز|Making a lot of noise|The music is too loud.
1|go|جانا|To move to a place|I go to school by bus.
1|come|آنا|To move towards a place|Come here for a moment.
1|eat|کھانا|To take food into the body|We eat lunch at one.
1|drink|پینا|To take liquid into the body|Drink water after exercise.
1|sleep|سونا|To rest with your eyes closed|Children should sleep early.
1|wake|جاگنا|To stop sleeping|I wake up at six.
1|walk|چلنا|To move on foot|We walk to the park daily.
1|run|دوڑنا|To move quickly on foot|He can run very fast.
1|sit|بیٹھنا|To rest on a chair|Please sit down.
1|stand|کھڑا ہونا|To be on your feet|Stand near the window.
1|speak|بولنا|To say words|Speak slowly, please.
1|listen|سننا|To pay attention to sound|Listen to your teacher.
1|read|پڑھنا|To look at and understand words|I read the newspaper daily.
1|write|لکھنا|To make words on paper|Write your name here.
1|learn|سیکھنا|To gain knowledge|We learn something new daily.
1|teach|سکھانا|To help someone learn|She teaches English to beginners.
1|play|کھیلنا|To take part in a game|The children play after school.
1|work|کام کرنا|To do a job|My uncle works in a bank.
1|help|مدد کرنا|To make things easier for someone|Please help me carry this.
1|give|دینا|To hand something to someone|Give the book to your sister.
1|take|لینا|To get something in your hand|Take this pen with you.
1|buy|خریدنا|To get something for money|I want to buy a notebook.
1|sell|بیچنا|To give something for money|They sell fresh milk here.
1|start|شروع کرنا|To begin something|Let us start the lesson.
1|stop|روکنا|To end or halt|Stop the car near the gate.
1|finish|ختم کرنا|To complete something|Finish your homework first.
1|wait|انتظار کرنا|To stay until something happens|Wait for me at the corner.
1|look|دیکھنا|To turn your eyes towards something|Look at the blackboard.
1|see|دیکھنا|To notice with your eyes|I can see the mountains today.
1|hear|سننا|To notice a sound|Did you hear that noise?
1|find|ڈھونڈنا|To discover something|I could not find my keys.
1|lose|کھونا|To no longer have something|Do not lose this receipt.
1|know|جاننا|To have information|I know the answer.
1|think|سوچنا|To use your mind|Think before you speak.
1|understand|سمجھنا|To know the meaning|I understand the question now.
1|remember|یاد رکھنا|To keep in your mind|Remember to lock the door.
1|forget|بھولنا|To fail to remember|Do not forget your lunch.
1|like|پسند کرنا|To enjoy something|I like cold weather.
1|love|محبت کرنا|To care about deeply|They love their grandparents.
1|want|چاہنا|To wish for something|I want a cup of tea.
1|need|ضرورت ہونا|To require something|We need more chairs.
1|ask|پوچھنا|To say a question|Ask the teacher politely.
1|answer|جواب دینا|To reply|Answer the phone, please.
1|call|بلانا|To phone or shout to someone|Call me when you arrive.
1|tell|بتانا|To give information|Tell me the truth.
1|show|دکھانا|To let someone see|Show me your notebook.
1|bring|لانا|To carry something here|Bring a chair from inside.
1|carry|اٹھانا|To hold and move something|He carried the box upstairs.
1|put|رکھنا|To place something somewhere|Put the milk in the fridge.
1|make|بنانا|To create something|She makes beautiful cards.
1|build|تعمیر کرنا|To make a structure|They will build a new school.
1|break|توڑنا|To damage into pieces|Do not break the glass.
1|fix|ٹھیک کرنا|To repair|He can fix the fan.
1|cut|کاٹنا|To divide with a blade|Cut the paper in half.
1|wash|دھونا|To clean with water|Wash the dishes after dinner.
1|cook|پکانا|To prepare food with heat|My mother cooks every evening.
1|wear|پہننا|To have clothes on your body|Wear a warm coat today.
1|drive|چلانا|To control a vehicle|He drives very carefully.
1|fly|اڑنا|To move through the air|Birds fly south in winter.
1|swim|تیرنا|To move through water|She learned to swim last summer.
1|jump|کودنا|To push yourself into the air|The boy jumped over the wall.
1|climb|چڑھنا|To go up something|They climbed the small hill.
1|throw|پھینکنا|To send through the air|Throw the ball to me.
1|catch|پکڑنا|To take hold of something moving|He caught the ball easily.
1|push|دھکیلنا|To move away by force|Push the door gently.
1|pull|کھینچنا|To move towards you|Pull the rope hard.
1|smile|مسکرانا|To move your mouth in happiness|She smiled at the children.
1|laugh|ہنسنا|To make sounds of happiness|We laughed at his joke.
1|cry|رونا|To let tears fall|The baby cried all night.
1|sing|گانا|To make music with your voice|The class sang together.
1|dance|ناچنا|To move to music|They danced at the wedding.
1|draw|بنانا|To make a picture|Draw a map of your street.
1|count|گننا|To find the number|Count the chairs in the room.
1|pay|ادا کرنا|To give money for something|I will pay for the tickets.
1|live|رہنا|To have your home somewhere|They live near the station.
1|die|مرنا|To stop living|The old tree finally died.
1|grow|بڑھنا|To become bigger|Children grow very quickly.
1|change|تبدیل کرنا|To make different|Change your wet clothes.
1|move|حرکت کرنا|To go from one place to another|Please move a little.
1|turn|مڑنا|To change direction|Turn left at the bank.
1|send|بھیجنا|To make something go somewhere|Send me a message.
1|meet|ملنا|To come together with someone|Let us meet on Friday.
1|visit|ملاقات کرنا|To go and see someone|We visit our aunt every month.
1|stay|ٹھہرنا|To remain in a place|Stay here until I return.
1|leave|چھوڑنا|To go away from a place|They leave at seven.
1|return|واپس آنا|To come back|He returned after two years.
1|day|دن|The time when it is light|It was a busy day.
1|night|رات|The time when it is dark|The night was very quiet.
1|morning|صبح|The early part of the day|I study every morning.
1|evening|شام|The end part of the day|We walk in the evening.
1|week|ہفتہ|Seven days|I will call you next week.
1|month|مہینہ|About thirty days|This month has been very hot.
1|year|سال|Twelve months|We met three years ago.
1|hour|گھنٹہ|Sixty minutes|The film lasts two hours.
1|minute|منٹ|Sixty seconds|Wait one minute, please.
1|time|وقت|What clocks measure|We do not have much time.
1|today|آج|This day|Today is a holiday.
1|tomorrow|کل|The day after today|The test is tomorrow.
1|yesterday|گزشتہ کل|The day before today|It rained yesterday.
1|now|اب|At this moment|We should leave now.
1|always|ہمیشہ|At all times|He is always on time.
1|never|کبھی نہیں|At no time|She never misses class.
1|sometimes|کبھی کبھی|On some occasions|Sometimes I walk to work.
1|often|اکثر|Many times|We often eat together.
1|money|پیسہ|Coins and notes used to buy things|Save some money every month.
1|price|قیمت|The amount something costs|The price of sugar has risen.
1|job|نوکری|Work done for money|He found a good job.
1|name|نام|What a person is called|Write your name clearly.
1|word|لفظ|A single unit of language|Learn ten new words daily.
1|letter|خط|A written message or a sign|I wrote a letter to my uncle.
1|number|نمبر|A figure like one or two|What is your room number?
1|paper|کاغذ|A thin material for writing|Give me a sheet of paper.
1|pen|قلم|A tool for writing with ink|My pen has run out of ink.
1|pencil|پنسل|A tool for writing with lead|Sharpen your pencil.
1|bag|بیگ|A container you carry|My bag is very heavy.
1|clothes|کپڑے|Things you wear|Fold your clothes neatly.
1|shirt|قمیض|Clothing for the upper body|His shirt is white.
1|shoe|جوتا|Clothing for the foot|One shoe is missing.
1|car|گاڑی|A vehicle with four wheels|Their car is parked outside.
1|bus|بس|A large vehicle for many people|The bus comes every ten minutes.
1|train|ریل گاڑی|A vehicle that runs on rails|The train left on time.
1|bicycle|سائیکل|A vehicle with two wheels|He rides his bicycle to school.
1|plane|جہاز|A vehicle that flies|The plane landed safely.
1|boat|کشتی|A small vehicle for water|We crossed the river by boat.
1|phone|فون|A device for talking to people|My phone battery is low.
1|light|روشنی|Brightness that lets us see|Turn on the light, please.
1|music|موسیقی|Pleasant organised sound|She listens to music while studying.
1|game|کھیل|An activity with rules|Cricket is a popular game.
1|story|کہانی|A description of events|Grandmother told us a story.
1|picture|تصویر|A drawing or photograph|This picture is very old.
1|colour|رنگ|Red, blue, green and so on|What colour do you like?
1|sound|آواز|Something you can hear|I heard a strange sound.
1|question|سوال|Something you ask|That is a good question.
1|problem|مسئلہ|Something difficult to deal with|We solved the problem together.
1|idea|خیال|A thought or plan|She had a clever idea.
1|way|راستہ|A method or a route|This is the shortest way.
1|place|جگہ|A location|This is a quiet place to study.
1|thing|چیز|An object|Put your things in the cupboard.
1|part|حصہ|A piece of something|This part is missing.
1|side|طرف|One of the two surfaces or edges|Sit on this side.
1|end|اختتام|The final part|We waited until the end.
1|top|اوپری حصہ|The highest part|The book is on top of the shelf.
1|bottom|نچلا حصہ|The lowest part|Look at the bottom of the page.
1|middle|درمیان|The centre|Stand in the middle of the line.
1|front|سامنے|The forward part|Sit in the front row.
1|health|صحت|The condition of your body|Good health is a great blessing.
1|medicine|دوا|Something taken to treat illness|Take this medicine after meals.
1|doctor|ڈاکٹر|A person who treats sick people|The doctor examined him carefully.
1|pain|درد|An unpleasant feeling in the body|The pain in my knee has gone.
1|illness|بیماری|A condition of being sick|A small illness kept him home.
1|body|جسم|The whole physical form|Exercise keeps the body fit.
1|life|زندگی|The time a person is alive|Life is full of surprises.
1|world|دنیا|The earth and everyone on it|The world is changing quickly.
1|people|لوگ|More than one person|Many people came to the fair.
1|home|گھر|The place where you live|I reach home by six.
1|dinner|رات کا کھانا|The main evening meal|Dinner is ready at eight.
1|lunch|دوپہر کا کھانا|The midday meal|We had lunch in the garden.
1|breakfast|ناشتہ|The first meal of the day|Never skip your breakfast.
1|holiday|چھٹی|A day without work or school|Friday is a holiday for us.
1|birthday|سالگرہ|The day you were born|Her birthday is in June.
1|party|تقریب|A social event|We went to a small party.
1|gift|تحفہ|Something given to someone|He brought a gift for his sister.
1|news|خبر|Information about recent events|The news was surprising.
1|weather|موسم|The state of the air outside|The weather is pleasant today.
1|winter|سردی|The coldest season|Winter here is very cold.
1|summer|گرمی|The hottest season|Summer holidays start in June.
1|spring|بہار|The season when plants grow|Flowers bloom in spring.
1|autumn|خزاں|The season when leaves fall|Autumn brings cool evenings.
1|snow|برف|Soft white frozen water|Snow covered the whole valley.
1|heat|گرمی|Being hot|The heat was hard to bear.
1|shade|سایہ|A place out of the sun|We sat in the shade.
1|dust|گرد|Fine dry powder|Dust covered the table.
1|noise|شور|Loud unpleasant sound|The noise woke everyone.
1|smell|خوشبو|What you notice with your nose|The smell of fresh bread is lovely.
1|taste|ذائقہ|What you notice with your tongue|This soup has a strong taste.
1|hunger|بھوک|The feeling of needing food|Hunger made him restless.
1|thirst|پیاس|The feeling of needing water|Thirst is worse than hunger.
1|fear|خوف|The feeling of being afraid|He spoke without fear.
1|hope|امید|The feeling that something good will happen|We never lost hope.
1|joy|خوشی|A feeling of great happiness|Her face was full of joy.
1|anger|غصہ|A strong feeling of being upset|He controlled his anger well.
1|truth|سچ|What is real and correct|Always speak the truth.
1|lie|جھوٹ|Something untrue|A small lie causes big trouble.
1|trust|بھروسہ|Belief that someone is honest|Trust takes years to build.
1|respect|احترام|Polite regard for someone|Show respect to your elders.
1|duty|فرض|Something you must do|It is our duty to help.
1|rule|اصول|An instruction that must be followed|Follow the rules of the road.
1|test|امتحان|A set of questions to check knowledge|The test starts at ten.
1|lesson|سبق|Something taught|Today's lesson was interesting.
1|class|جماعت|A group of students|Our class has thirty students.
1|homework|گھر کا کام|School work done at home|Finish your homework early.
1|mistake|غلطی|Something done wrongly|Everyone makes a mistake sometimes.
1|practice|مشق|Doing something repeatedly to improve|Practice makes a person perfect.
1|effort|کوشش|Hard work|Your effort will be rewarded.
1|success|کامیابی|Achieving what you wanted|Success needs patience.
1|failure|ناکامی|Not achieving what you wanted|Failure teaches useful lessons.
2|achieve|حاصل کرنا|To succeed in doing something after effort|She achieved her goal within a year.
2|admire|تعریف کرنا|To respect and like someone greatly|I admire his patience.
2|advice|مشورہ|An opinion about what someone should do|He gave me useful advice.
2|afford|استطاعت رکھنا|To have enough money for something|We cannot afford a new car yet.
2|agree|اتفاق کرنا|To have the same opinion|I agree with your plan.
2|allow|اجازت دینا|To let someone do something|The teacher allowed us to leave.
2|amount|مقدار|How much of something there is|A small amount of salt is enough.
2|ancient|قدیم|Very old and from long ago|We visited an ancient fort.
2|announce|اعلان کرنا|To tell people about something officially|They announced the results today.
2|appear|ظاہر ہونا|To become visible or seem|The moon appeared behind the clouds.
2|apply|درخواست دینا|To make a formal request|He applied for a scholarship.
2|appreciate|قدر کرنا|To value or be grateful for something|I appreciate your honesty.
2|approach|قریب آنا|To come nearer to something|Winter is approaching quickly.
2|argue|بحث کرنا|To disagree in words|They argued about the price.
2|arrange|ترتیب دینا|To plan or organise something|We arranged the chairs in rows.
2|arrive|پہنچنا|To reach a place|The guests arrived at noon.
2|attempt|کوشش|An act of trying|His first attempt failed.
2|attend|شرکت کرنا|To be present at an event|She attends every meeting.
2|attention|توجہ|Careful thought or notice|Pay attention to the details.
2|attract|متوجہ کرنا|To make someone interested|Bright colours attract children.
2|avoid|بچنا|To stay away from something|Avoid oily food at night.
2|aware|باخبر|Knowing about something|Are you aware of the new rule?
2|balance|توازن|An equal state between two things|Keep a balance between work and rest.
2|behave|برتاؤ کرنا|To act in a particular way|The children behaved very well.
2|belief|عقیدہ|Something you accept as true|His belief in hard work never changed.
2|benefit|فائدہ|A helpful result|Walking has many health benefits.
2|blame|الزام دینا|To say someone caused something bad|Do not blame others for your errors.
2|borrow|ادھار لینا|To take something and return it later|Can I borrow your notes?
2|brave|بہادر|Showing courage|The brave boy jumped into the river.
2|calm|پرسکون|Peaceful and not excited|Stay calm during the exam.
2|careful|محتاط|Giving attention to avoid harm|Be careful on the wet floor.
2|cause|سبب|The reason something happens|Careless driving is a common cause of accidents.
2|celebrate|جشن منانا|To do something special for an occasion|We celebrated her success.
2|certain|یقینی|Sure about something|I am certain he will come.
2|challenge|چیلنج|Something difficult that tests you|Learning a language is a challenge.
2|chance|موقع|An opportunity or possibility|Give him one more chance.
2|character|کردار|The qualities that make a person|Honesty is part of his character.
2|choice|انتخاب|The act of choosing|You made the right choice.
2|clear|واضح|Easy to see or understand|Her instructions were very clear.
2|comfort|آرام|A feeling of ease|The chair gives great comfort.
2|common|عام|Happening often or shared by many|This is a common mistake.
2|compare|موازنہ کرنا|To look at differences and similarities|Compare the two answers.
2|compete|مقابلہ کرنا|To try to win against others|Ten teams competed this year.
2|complain|شکایت کرنا|To say you are unhappy about something|He complained about the noise.
2|complete|مکمل|Having all parts|The list is now complete.
2|concern|تشویش|Worry about something|Her health is my main concern.
2|condition|حالت|The state something is in|The road is in poor condition.
2|confident|پراعتماد|Sure of your own ability|She is confident about the interview.
2|confuse|الجھانا|To make someone unable to think clearly|The long question confused me.
2|connect|جوڑنا|To join two things|Connect the wire to the socket.
2|consider|غور کرنا|To think about carefully|Please consider my request.
2|contain|رکھنا|To have inside|This box contains old letters.
2|continue|جاری رکھنا|To keep doing something|Continue reading from page five.
2|control|قابو|Power over something|He kept control of the situation.
2|convince|قائل کرنا|To make someone believe something|He convinced us to wait.
2|correct|درست|Free from mistakes|Your spelling is correct.
2|courage|ہمت|The ability to face fear|It takes courage to admit a mistake.
2|create|تخلیق کرنا|To make something new|They created a lovely design.
2|crowd|ہجوم|A large group of people|A crowd gathered near the gate.
2|damage|نقصان|Harm caused to something|The storm caused heavy damage.
2|danger|خطرہ|The chance of harm|There is no danger here.
2|decide|فیصلہ کرنا|To choose after thinking|We decided to postpone the trip.
2|decrease|کم ہونا|To become smaller in amount|Prices decreased slightly.
2|defend|دفاع کرنا|To protect from attack|He defended his opinion calmly.
2|delay|تاخیر|A period of waiting|The flight had a two-hour delay.
2|deliver|پہنچانا|To take goods to a place|They deliver bread every morning.
2|demand|مطالبہ|A strong request|Their demand was reasonable.
2|depend|انحصار کرنا|To need or rely on|The result depends on your effort.
2|describe|بیان کرنا|To say what something is like|Describe the picture in three lines.
2|deserve|مستحق ہونا|To have earned something|You deserve this reward.
2|design|ڈیزائن|A plan or pattern|The design of the building is modern.
2|desire|خواہش|A strong wish|He had a desire to travel.
2|destroy|تباہ کرنا|To damage completely|Fire destroyed the old shop.
2|detail|تفصیل|A small piece of information|Explain the plan in detail.
2|develop|ترقی دینا|To grow or improve|The town developed very fast.
2|difference|فرق|The way things are not the same|There is a big difference between them.
2|difficult|مشکل|Not easy|This is a difficult decision.
2|direct|براہ راست|Going straight without stopping|Take the direct route.
2|disappear|غائب ہونا|To stop being visible|The keys disappeared from the table.
2|discover|دریافت کرنا|To find something for the first time|Scientists discovered a new plant.
2|discuss|بحث کرنا|To talk about something|Let us discuss the budget.
2|distance|فاصلہ|The space between two places|The distance is only two kilometres.
2|divide|تقسیم کرنا|To separate into parts|Divide the work among four people.
2|doubt|شک|A feeling of not being sure|I have no doubt about his ability.
2|effect|اثر|A change caused by something|The medicine had a quick effect.
2|encourage|حوصلہ دینا|To give someone confidence|Her words encouraged the whole team.
2|enemy|دشمن|A person who opposes you|Fear is your biggest enemy.
2|enough|کافی|As much as needed|We have enough time.
2|enter|داخل ہونا|To go into a place|Please enter quietly.
2|environment|ماحول|The natural world around us|We must protect the environment.
2|equal|برابر|The same in amount or value|Give equal shares to everyone.
2|escape|فرار ہونا|To get away from a place|The bird escaped from the cage.
2|especially|خاص طور پر|More than usual|I like fruit, especially mangoes.
2|event|واقعہ|Something that happens|The event was well organised.
2|evidence|ثبوت|Facts that prove something|There is clear evidence of progress.
2|exact|بالکل درست|Completely correct|Give me the exact figure.
2|example|مثال|Something that shows a rule|Give an example of a verb.
2|excellent|بہترین|Extremely good|Her work is excellent.
2|except|کے علاوہ|Not including|Everyone came except Ali.
2|exchange|تبادلہ|Giving one thing and getting another|We exchanged addresses.
2|excited|پرجوش|Very happy and interested|The children were excited about the trip.
2|excuse|بہانہ|A reason given to explain a fault|Laziness is not an excuse.
2|exercise|ورزش|Physical activity for health|Daily exercise improves your mood.
2|exist|موجود ہونا|To be real or present|Such problems still exist.
2|expect|توقع کرنا|To think something will happen|We expect good results.
2|expensive|مہنگا|Costing a lot of money|That laptop is too expensive.
2|experience|تجربہ|Knowledge gained by doing|He has ten years of experience.
2|explain|وضاحت کرنا|To make something clear|Explain the rule once more.
2|express|اظہار کرنا|To show what you think or feel|She expressed her thanks warmly.
2|familiar|مانوس|Well known to you|This road looks familiar.
2|famous|مشہور|Known by many people|He is a famous writer.
2|fault|قصور|Responsibility for something wrong|It was not your fault.
2|favour|احسان|A kind act for someone|May I ask you a favour?
2|feeling|احساس|An emotion or physical sense|I had a strange feeling.
2|fill|بھرنا|To make something full|Fill the form carefully.
2|final|آخری|Coming at the end|This is the final warning.
2|follow|پیروی کرنا|To go after or obey|Follow the teacher's instructions.
2|force|طاقت|Strength or power|Do not use force on the lock.
2|freedom|آزادی|The right to act as you wish|Freedom brings responsibility.
2|frequent|بار بار|Happening often|He is a frequent visitor.
2|friendly|دوستانہ|Kind and pleasant|The staff were very friendly.
2|frighten|ڈرانا|To make someone afraid|The loud bang frightened the dog.
2|future|مستقبل|The time that is coming|Plan for the future today.
2|gather|جمع کرنا|To bring or come together|People gathered in the hall.
2|general|عام|Relating to most things|The general opinion was positive.
2|gentle|نرم|Kind and careful|Use a gentle voice with children.
2|goal|مقصد|Something you want to achieve|My goal is to speak fluently.
2|govern|حکومت کرنا|To officially control a country|A council governs the town.
2|guess|اندازہ لگانا|To give an answer without being sure|Guess the meaning from the sentence.
2|guide|رہنمائی کرنا|To show the way|A local man guided us.
2|habit|عادت|Something you do regularly|Reading is a good habit.
2|handle|سنبھالنا|To deal with something|She handled the problem well.
2|harm|نقصان پہنچانا|To hurt or damage|Too much sugar can harm you.
2|honest|ایماندار|Telling the truth|He is an honest shopkeeper.
2|huge|بہت بڑا|Extremely large|A huge crowd filled the ground.
2|humble|عاجز|Not proud|He stayed humble after success.
2|ignore|نظر انداز کرنا|To pay no attention to|Do not ignore small symptoms.
2|imagine|تصور کرنا|To form a picture in your mind|Imagine a quiet green valley.
2|immediate|فوری|Happening at once|The response was immediate.
2|importance|اہمیت|The value of something|Never underestimate the importance of rest.
2|improve|بہتر بنانا|To make better|Reading improves your vocabulary.
2|include|شامل کرنا|To have as a part|The price includes delivery.
2|increase|اضافہ کرنا|To make bigger in amount|They increased the salary.
2|independent|خودمختار|Not controlled by others|She is financially independent.
2|influence|اثر ڈالنا|To have an effect on someone|Friends influence our choices.
2|inform|مطلع کرنا|To tell someone officially|Please inform the office.
2|injure|زخمی کرنا|To hurt someone physically|Two players were injured.
2|instead|بجائے|In place of something|Take tea instead of coffee.
2|intelligent|ذہین|Able to learn and understand well|He is an intelligent student.
2|interest|دلچسپی|A wish to know about something|She has a deep interest in history.
2|introduce|تعارف کرانا|To make people know each other|Let me introduce my colleague.
2|invite|دعوت دینا|To ask someone to come|They invited us to dinner.
2|involve|شامل کرنا|To include as a necessary part|The job involves a lot of travel.
2|journey|سفر|An act of travelling|It was a tiring journey.
2|judge|فیصلہ کرنا|To form an opinion about|Do not judge people too quickly.
2|knowledge|علم|Information and understanding|Knowledge grows when shared.
2|lack|کمی|Not having enough of something|A lack of sleep affects memory.
2|language|زبان|A system of words for communication|English is a global language.
2|lead|رہنمائی کرنا|To guide or be first|This path leads to the river.
2|level|سطح|A position on a scale|Your level is improving.
2|limit|حد|The greatest amount allowed|There is a limit to my patience.
2|local|مقامی|Belonging to a nearby area|We shop at the local market.
2|manage|سنبھالنا|To succeed in dealing with something|He managed the crowd calmly.
2|measure|ناپنا|To find the size or amount|Measure the room before buying carpet.
2|memory|یادداشت|The ability to remember|Sleep improves your memory.
2|mention|ذکر کرنا|To speak about briefly|He mentioned your name.
2|method|طریقہ|A way of doing something|This method saves time.
2|modern|جدید|Of the present time|The hospital has modern equipment.
2|natural|قدرتی|Existing in nature|Honey is a natural sweetener.
2|necessary|ضروری|Needed|A passport is necessary for travel.
2|notice|محسوس کرنا|To become aware of something|Did you notice the change?
2|obtain|حاصل کرنا|To get something|He obtained the certificate last week.
2|offer|پیشکش کرنا|To present something for acceptance|They offered him a better job.
2|opinion|رائے|What you think about something|Everyone has a different opinion.
2|opportunity|موقع|A chance to do something good|This is a great opportunity.
2|oppose|مخالفت کرنا|To disagree with and try to stop|Many people opposed the plan.
2|order|حکم دینا|To tell someone to do something|The officer ordered them to wait.
2|ordinary|عام|Normal and not special|It was an ordinary working day.
2|organise|منظم کرنا|To arrange something carefully|She organised the whole event.
2|owe|مقروض ہونا|To need to pay someone|I owe you two hundred rupees.
2|patient|صابر|Able to wait calmly|Be patient with young learners.
2|peace|امن|A time without war or noise|The village enjoys complete peace.
2|perform|انجام دینا|To do a task or show|The team performed very well.
2|permission|اجازت|Official agreement to do something|Ask permission before entering.
2|persuade|منانا|To make someone agree|She persuaded him to apply.
2|physical|جسمانی|Related to the body|Physical work keeps you fit.
2|popular|مقبول|Liked by many people|Cricket is popular here.
2|position|مقام|The place where something is|Move the lamp to a better position.
2|possible|ممکن|Able to happen|It is possible to finish today.
2|power|طاقت|Strength or control|Knowledge gives you power.
2|prefer|ترجیح دینا|To like one thing more|I prefer tea to coffee.
2|prepare|تیاری کرنا|To get ready|Prepare well for the interview.
2|present|پیش کرنا|To give or show formally|He presented his report clearly.
2|prevent|روکنا|To stop something happening|Washing hands prevents illness.
2|previous|پچھلا|Coming before|In the previous lesson we studied tenses.
2|private|نجی|Only for certain people|This is a private conversation.
2|probably|شاید|Very likely|He will probably arrive late.
2|produce|پیدا کرنا|To make or grow something|This area produces excellent rice.
2|progress|پیش رفت|Movement towards a goal|Your progress is impressive.
2|promise|وعدہ کرنا|To say you will surely do something|He promised to return the book.
2|protect|حفاظت کرنا|To keep safe from harm|Protect your eyes from the sun.
2|prove|ثابت کرنا|To show something is true|He proved his point with figures.
2|provide|فراہم کرنا|To give what is needed|The school provides free books.
2|public|عوامی|For all people|This is a public library.
2|purpose|مقصد|The reason for doing something|What is the purpose of this form?
2|quality|معیار|How good something is|The quality of the cloth is high.
2|quantity|مقدار|An amount of something|Buy a small quantity first.
2|quarrel|جھگڑا|An angry argument|Their quarrel ended quickly.
2|reach|پہنچنا|To arrive at a place|We reached home before dark.
2|realise|احساس ہونا|To understand something suddenly|I realised my mistake at once.
2|reason|وجہ|An explanation for something|Give one reason for your answer.
2|receive|وصول کرنا|To get something given to you|I received your letter today.
2|recent|حالیہ|Happening a short time ago|A recent study proved this.
2|recognise|پہچاننا|To know someone you have seen before|I did not recognise him.
2|recommend|سفارش کرنا|To suggest something good|I recommend this book strongly.
2|reduce|کم کرنا|To make smaller|Reduce the salt in your food.
2|refuse|انکار کرنا|To say no to something|He refused the offer politely.
2|regular|باقاعدہ|Happening at fixed times|Regular practice brings results.
2|relate|تعلق رکھنا|To be connected with|This point relates to the last chapter.
2|relax|آرام کرنا|To rest and stop worrying|Relax for ten minutes.
2|remain|باقی رہنا|To stay or be left|Only two questions remain.
2|remove|ہٹانا|To take something away|Remove your shoes at the door.
2|repair|مرمت کرنا|To fix something broken|He repaired the fan quickly.
2|repeat|دہرانا|To say or do again|Repeat the sentence slowly.
2|replace|بدلنا|To put something new in place of old|Replace the broken glass.
2|reply|جواب دینا|To answer|Please reply before Friday.
2|report|رپورٹ|A written account of something|Submit your report by Monday.
2|represent|نمائندگی کرنا|To act for a group|He represented our school.
2|require|ضرورت ہونا|To need something|This job requires patience.
2|responsible|ذمہ دار|Having a duty for something|You are responsible for your choices.
2|result|نتیجہ|What happens because of something|The result was better than expected.
2|reward|انعام|Something given for good work|Hard work brings its own reward.
2|risk|خطرہ|The chance of something bad|Every business carries some risk.
2|satisfy|مطمئن کرنا|To make someone pleased|His answer satisfied everyone.
2|search|تلاش کرنا|To look for something carefully|They searched the whole house.
2|separate|الگ کرنا|To divide into parts|Separate the dry and wet waste.
2|serious|سنجیدہ|Important or not joking|This is a serious matter.
2|serve|خدمت کرنا|To provide something for others|He served the community for years.
2|several|کئی|More than two but not many|Several people asked the same question.
2|share|بانٹنا|To divide among people|Share your food with him.
2|similar|ملتا جلتا|Almost the same|These two words are similar.
2|simple|سادہ|Easy and plain|Use simple language.
2|situation|صورتحال|The conditions at a time|The situation improved quickly.
2|society|معاشرہ|People living together|A healthy society values education.
2|solve|حل کرنا|To find an answer to a problem|He solved the puzzle easily.
2|special|خاص|Not ordinary|Today is a special day.
2|spend|خرچ کرنا|To use money or time|Do not spend all your savings.
2|spread|پھیلانا|To make something cover more area|The news spread quickly.
2|storm|طوفان|Very bad weather|The storm broke several branches.
2|strange|عجیب|Unusual or surprising|A strange sound came from outside.
2|stress|دباؤ|Mental pressure|Exercise reduces stress.
2|strict|سخت|Demanding obedience|Our teacher is strict but fair.
2|struggle|جدوجہد کرنا|To try hard against difficulty|He struggled but never gave up.
2|succeed|کامیاب ہونا|To achieve what you wanted|You will succeed with practice.
2|suffer|تکلیف اٹھانا|To experience something bad|Many families suffered in the flood.
2|suggest|تجویز دینا|To offer an idea|I suggest a short break.
2|supply|فراہم کرنا|To provide goods|They supply milk to the whole area.
2|support|حمایت کرنا|To help or agree with|My family supported my decision.
2|suppose|فرض کرنا|To think something is probably true|I suppose he is busy.
2|surface|سطح|The outer layer of something|Clean the surface before painting.
2|surprise|حیرت|An unexpected event|His visit was a pleasant surprise.
2|surround|گھیرنا|To be all around something|Trees surround the small lake.
2|survive|زندہ رہنا|To continue to live|The plant survived the cold winter.
2|suspect|شک کرنا|To think someone did something wrong|Police suspect two men.
2|sympathy|ہمدردی|Understanding of someone's sadness|She showed great sympathy.
2|system|نظام|A set of connected things|The school has a good marking system.
2|talent|صلاحیت|A natural ability|She has a talent for music.
2|target|ہدف|Something you aim at|We reached our monthly target.
2|temperature|درجہ حرارت|How hot or cold something is|The temperature dropped suddenly.
2|terrible|خوفناک|Very bad|The weather was terrible.
2|thick|موٹا|Wide from one side to the other|The wall is very thick.
2|thin|پتلا|Not thick|Cut the bread into thin slices.
2|threat|دھمکی|A warning of harm|Pollution is a serious threat.
2|tidy|صاف ستھرا|Neat and in order|Keep your desk tidy.
2|tiny|بہت چھوٹا|Extremely small|A tiny insect crossed the page.
2|tool|اوزار|An object used to do work|A dictionary is a useful tool.
2|total|کل|The complete amount|The total came to five hundred.
2|traffic|ٹریفک|Vehicles moving on roads|Traffic is heavy at five.
2|tradition|روایت|A custom passed down|This festival is an old tradition.
2|treat|علاج کرنا|To behave towards or to cure|Doctors treated him quickly.
2|trouble|مصیبت|Difficulty or problems|He is in trouble again.
2|unique|منفرد|The only one of its kind|Every voice is unique.
2|useful|مفید|Helpful for a purpose|This app is very useful.
2|usual|معمول|Happening most often|We met at the usual place.
2|valuable|قیمتی|Worth a lot|Time is our most valuable resource.
2|value|قدر|The worth of something|Learn the value of patience.
2|variety|قسم|A number of different things|The shop has a variety of pens.
2|vehicle|گاڑی|A machine used for transport|Park your vehicle here.
2|victory|فتح|Success in a contest|Their victory surprised everyone.
2|view|نظارہ|What you can see or your opinion|The view from the roof is lovely.
2|violence|تشدد|Behaviour that hurts people|Violence never solves problems.
2|volunteer|رضاکار|A person who works without pay|Ten volunteers cleaned the park.
2|wealth|دولت|A large amount of money|Health is greater than wealth.
2|weight|وزن|How heavy something is|Check the weight of the bag.
2|welcome|خوش آمدید کہنا|To greet someone kindly|They welcomed us warmly.
2|whole|پورا|Complete or entire|He read the whole book in a day.
2|willing|رضامند|Ready to do something|She is willing to help.
2|wisdom|حکمت|Good judgement from experience|Age often brings wisdom.
2|wonder|حیران ہونا|To think about with curiosity|I wonder where he went.
2|worth|قابل|Good enough for the effort|This film is worth watching.
2|accept|قبول کرنا|To agree to take something|He accepted the invitation.
2|access|رسائی|The right to use or enter|Students have access to the lab.
2|accurate|درست|Exactly correct|Her measurements were accurate.
2|active|فعال|Doing many things|He stays active in old age.
2|adapt|ڈھلنا|To change to fit a new situation|Children adapt to change quickly.
2|adjust|درست کرنا|To change something slightly|Adjust the chair height.
2|admit|تسلیم کرنا|To agree something is true|He admitted his error.
2|adopt|اپنانا|To start using something|We adopted a new method.
2|advance|پیش قدمی|Forward movement or progress|Medicine has made great advances.
2|affect|اثر ڈالنا|To cause a change in something|Weather affects our mood.
2|aim|مقصد|A purpose you work towards|Our aim is simple communication.
2|alter|بدلنا|To change something|Do not alter the original file.
2|analyse|تجزیہ کرنا|To examine in detail|Analyse the results carefully.
2|apart|الگ|Separated by distance|They sat two seats apart.
2|apologise|معافی مانگنا|To say sorry|He apologised for the delay.
2|approve|منظور کرنا|To agree officially|The manager approved the leave.
2|assist|مدد کرنا|To help someone|A nurse assisted the doctor.
2|assume|فرض کرنا|To accept something as true|Do not assume he understood.
2|attach|منسلک کرنا|To join one thing to another|Attach your photograph here.
2|attitude|رویہ|Your way of thinking or behaving|A positive attitude helps a lot.
2|available|دستیاب|Able to be used or obtained|The book is available online.
2|average|اوسط|The usual or middle amount|His average score improved.
2|basis|بنیاد|The main reason or support|Trust is the basis of friendship.
2|capable|قابل|Having the ability to do something|She is capable of much more.
2|capture|پکڑنا|To catch or record|The photo captured the moment.
2|category|قسم|A group of similar things|Sort the words into categories.
2|claim|دعویٰ کرنا|To say something is true|He claims to know the answer.
2|combine|ملانا|To join two things together|Combine practice with patience.
2|comment|تبصرہ|A spoken or written remark|Her comment was very helpful.
2|commit|عہد کرنا|To promise to do something|Commit ten minutes daily.
2|communicate|رابطہ کرنا|To share information|We communicate by message.
2|community|برادری|A group living in one area|The community built a small clinic.
2|complex|پیچیدہ|Having many connected parts|The rule is more complex than it looks.
2|concentrate|توجہ مرکوز کرنا|To give full attention|Concentrate on one topic at a time.
2|conclude|نتیجہ نکالنا|To decide after thinking|We concluded that the plan works.
2|conduct|انجام دینا|To carry out an activity|They conducted a short survey.
2|confirm|تصدیق کرنا|To show something is true|Please confirm your booking.
2|conflict|تنازعہ|A serious disagreement|The conflict was settled peacefully.
2|consequence|نتیجہ|A result of an action|Every choice has a consequence.
2|constant|مسلسل|Happening all the time|Constant noise is tiring.
2|construct|تعمیر کرنا|To build something|They constructed a new bridge.
2|contribute|حصہ ڈالنا|To give something towards a result|Everyone contributed a little.
2|convert|تبدیل کرنا|To change into another form|Convert the notes into a table.
2|cooperate|تعاون کرنا|To work together|If we cooperate, it will be easy.
3|abundant|وافر|Existing in very large quantities|Rainfall is abundant in that region.
3|accelerate|تیز کرنا|To make something happen faster|Reading widely accelerates learning.
3|acknowledge|تسلیم کرنا|To accept or admit the truth of something|He acknowledged her contribution publicly.
3|acute|شدید|Very severe or very sharp|There is an acute shortage of water.
3|adequate|مناسب|Enough for a particular purpose|The room has adequate lighting.
3|adjacent|ملحقہ|Next to something|Our office is adjacent to the bank.
3|advocate|وکالت کرنا|To publicly support an idea|She advocates simpler tax rules.
3|aesthetic|جمالیاتی|Concerned with beauty|The design has real aesthetic value.
3|allocate|مختص کرنا|To give a share for a purpose|We allocated an hour to revision.
3|ambiguous|مبہم|Having more than one possible meaning|The instruction was dangerously ambiguous.
3|ambitious|بلند حوصلہ|Having a strong desire to succeed|It is an ambitious but realistic target.
3|amend|ترمیم کرنا|To make small changes to improve|They amended the agreement.
3|anticipate|پیشگی اندازہ لگانا|To expect something and prepare|Good writers anticipate the reader's questions.
3|apparent|ظاہر|Easy to see or seem true|The reason soon became apparent.
3|arbitrary|من مانا|Based on personal choice, not reason|The deadline felt arbitrary.
3|articulate|واضح بیان کرنا|To express ideas clearly|She articulated her position calmly.
3|assert|زور دے کر کہنا|To state something firmly|He asserted his right to reply.
3|assess|جانچنا|To judge the quality or value|Teachers assess progress every month.
3|attribute|منسوب کرنا|To say something is caused by|He attributes his success to discipline.
3|authentic|اصلی|Genuine and not a copy|The museum holds authentic manuscripts.
3|autonomy|خودمختاری|The freedom to govern yourself|The region was granted autonomy.
3|barrier|رکاوٹ|Something that blocks progress|Fear is the biggest barrier to speaking.
3|bias|تعصب|An unfair preference|Good research controls for bias.
3|coherent|مربوط|Logical and well organised|Write a coherent paragraph.
3|coincide|ہم وقت ہونا|To happen at the same time|The two events coincided exactly.
3|collapse|منہدم ہونا|To fall down suddenly|The old roof collapsed in the storm.
3|commence|آغاز کرنا|To begin something formally|The session will commence at nine.
3|compel|مجبور کرنا|To force someone to do something|Circumstances compelled him to leave.
3|compensate|تلافی کرنا|To make up for a loss|Extra practice compensates for a late start.
3|competent|اہل|Having the necessary skill|He is a competent translator.
3|comply|تعمیل کرنا|To obey a rule or request|All shops must comply with the law.
3|comprehensive|جامع|Including everything needed|The report is comprehensive.
3|conceive|تصور کرنا|To imagine or form an idea|He conceived the plan overnight.
3|concise|مختصر|Short and clear|Keep your answer concise.
3|condemn|مذمت کرنا|To criticise something strongly|Leaders condemned the attack.
3|confine|محدود کرنا|To keep within limits|Confine your answer to two pages.
3|consensus|اتفاق رائے|General agreement in a group|We reached a consensus quickly.
3|consistent|مستقل مزاج|Always behaving in the same way|Consistent effort beats occasional brilliance.
3|constrain|روکنا|To limit or restrict|A tight budget constrained the project.
3|contemplate|غور کرنا|To think about deeply|He contemplated the offer for a week.
3|contradict|تردید کرنا|To say the opposite of|His actions contradict his words.
3|controversial|متنازعہ|Causing strong disagreement|It was a controversial decision.
3|conventional|روایتی|Following what is usually done|She rejected the conventional approach.
3|correspond|مطابقت رکھنا|To match or be equal to|The figures do not correspond.
3|credible|قابل اعتبار|Able to be believed|He gave a credible explanation.
3|criteria|معیار|Standards used for judging|The criteria were made public.
3|crucial|فیصلہ کن|Extremely important|The next week is crucial.
3|deduce|نتیجہ اخذ کرنا|To reach a conclusion by reasoning|We deduced the meaning from context.
3|deficient|ناقص|Lacking something needed|The diet is deficient in iron.
3|deliberate|جان بوجھ کر|Done on purpose|That was a deliberate insult.
3|denote|ظاہر کرنا|To be a sign of something|A red mark denotes an error.
3|deteriorate|بگڑنا|To become worse|His health deteriorated slowly.
3|deviate|منحرف ہونا|To move away from a standard|Do not deviate from the topic.
3|diminish|کم ہونا|To become smaller or less|Interest diminished after a month.
3|discreet|محتاط|Careful not to attract attention|He made a discreet inquiry.
3|dispute|تنازعہ|A disagreement or argument|The dispute was settled in court.
3|distinct|واضح طور پر مختلف|Clearly different or noticeable|There is a distinct improvement.
3|diverse|متنوع|Very different from each other|The class has diverse backgrounds.
3|dominant|غالب|Most powerful or important|English is the dominant language online.
3|elaborate|تفصیل بیان کرنا|To explain in more detail|Could you elaborate on that point?
3|eligible|اہل|Allowed to do or have something|Only graduates are eligible.
3|eliminate|ختم کرنا|To remove completely|Eliminate unnecessary words.
3|emerge|ابھرنا|To come out or become known|New evidence emerged later.
3|emphasise|زور دینا|To give special importance|He emphasised regular revision.
3|empirical|تجرباتی|Based on observation, not theory|The claim lacks empirical support.
3|enhance|بہتر بنانا|To improve the quality of|Good sleep enhances memory.
3|entail|شامل ہونا|To involve as a necessary part|The job entails frequent travel.
3|equivalent|مساوی|Equal in value or meaning|There is no exact Urdu equivalent.
3|erode|کٹاؤ ہونا|To wear away gradually|Delays eroded public trust.
3|establish|قائم کرنا|To set up or prove|They established the school in 1960.
3|evident|واضح|Clearly seen or understood|His talent was evident from the start.
3|exceed|تجاوز کرنا|To be greater than a limit|Sales exceeded our expectations.
3|exclude|خارج کرنا|To leave something out|The price excludes taxes.
3|exempt|مستثنیٰ|Not required to do something|Students are exempt from the fee.
3|exert|صرف کرنا|To use effort or influence|He exerted considerable pressure.
3|explicit|صریح|Stated clearly and directly|Give explicit instructions.
3|exploit|فائدہ اٹھانا|To use fully, sometimes unfairly|We should exploit every opportunity.
3|extract|نکالنا|To remove or take out|Extract the main idea from the passage.
3|facilitate|سہولت دینا|To make something easier|A good teacher facilitates learning.
3|feasible|قابل عمل|Possible to do easily|The plan is technically feasible.
3|fluctuate|اتار چڑھاؤ ہونا|To change often and irregularly|Prices fluctuate every week.
3|fundamental|بنیادی|Forming a necessary base|Grammar is fundamental to writing.
3|generate|پیدا کرنا|To produce or create|The idea generated real interest.
3|hierarchy|درجہ بندی|A system of ranks|The company has a flat hierarchy.
3|hypothesis|مفروضہ|An idea to be tested|Her hypothesis proved correct.
3|illustrate|واضح کرنا|To explain using examples|Illustrate your point with a story.
3|implement|نافذ کرنا|To put a plan into action|We implemented the changes gradually.
3|implication|مضمر مطلب|A likely result or hidden meaning|Consider the implications carefully.
3|impose|مسلط کرنا|To force something on someone|Do not impose your views.
3|incentive|ترغیب|Something that encourages action|Praise is a powerful incentive.
3|incline|مائل ہونا|To feel a tendency towards|I am inclined to agree.
3|indicate|اشارہ کرنا|To show or point out|Results indicate steady progress.
3|inevitable|ناگزیر|Certain to happen|Some mistakes are inevitable.
3|infer|اخذ کرنا|To work out from evidence|We can infer his mood from the letter.
3|inherent|فطری|Existing as a natural part|Risk is inherent in any venture.
3|inhibit|روکنا|To prevent or slow down|Fear inhibits fluent speech.
3|initiate|شروع کرنا|To start a process|She initiated the discussion.
3|innovative|جدت پسند|New and original|It is an innovative teaching method.
3|integral|لازمی|Necessary to make something complete|Practice is integral to progress.
3|integrity|دیانتداری|The quality of being honest|His integrity was never questioned.
3|intense|شدید|Very strong or extreme|The competition was intense.
3|intervene|مداخلت کرنا|To become involved to change something|A neighbour intervened at once.
3|intricate|پیچیدہ|Having many small complicated parts|The carpet has an intricate pattern.
3|intrinsic|اندرونی|Belonging naturally to something|Curiosity has intrinsic value.
3|justify|جواز پیش کرنا|To show something is reasonable|Can you justify this expense?
3|legitimate|جائز|Allowed by law or reasonable|That is a legitimate concern.
3|magnitude|وسعت|The great size or importance|We underestimated the magnitude of the task.
3|manipulate|جوڑ توڑ کرنا|To control skilfully or unfairly|He manipulated the figures.
3|marginal|معمولی|Very small and unimportant|The difference was marginal.
3|mediate|ثالثی کرنا|To help two sides reach agreement|A teacher mediated the dispute.
3|meticulous|باریک بین|Very careful about details|Her notes are meticulous.
3|mitigate|کم کرنا|To make something less severe|Trees mitigate the summer heat.
3|mutual|باہمی|Shared between two people|The respect was mutual.
3|negligible|نہ ہونے کے برابر|So small it can be ignored|The cost is negligible.
3|nominal|برائے نام|In name only or very small|A nominal fee is charged.
3|notion|تصور|An idea or belief|He rejected the whole notion.
3|obscure|مبہم|Not clearly known or understood|The origin of the phrase is obscure.
3|obsolete|متروک|No longer used|That software is obsolete.
3|optimal|بہترین|Best possible|Early morning is the optimal study time.
3|paradox|تضاد|A statement that seems contradictory|It is a paradox that less can be more.
3|persist|ثابت قدم رہنا|To continue despite difficulty|If you persist, you will improve.
3|perspective|نقطہ نظر|A particular way of seeing things|Travel widens your perspective.
3|pertinent|متعلقہ|Relevant to the matter|Ask only pertinent questions.
3|phenomenon|مظہر|An observable fact or event|Language change is a natural phenomenon.
3|plausible|قرین قیاس|Seeming reasonable or probable|That is a plausible explanation.
3|precede|پہلے آنا|To come before something|A short introduction precedes each unit.
3|precise|ٹھیک ٹھیک|Exact and accurate|Give me a precise figure.
3|predominant|غالب|Most common or noticeable|Patience is the predominant quality here.
3|preliminary|ابتدائی|Coming before the main part|These are preliminary results.
3|presume|فرض کر لینا|To suppose something is true|I presume you have read it.
3|prevalent|عام|Widespread and common|This error is prevalent among learners.
3|prohibit|ممنوع قرار دینا|To forbid officially|Smoking is prohibited here.
3|prominent|نمایاں|Important and well known|He is a prominent scholar.
3|prompt|فوری|Done without delay|Thank you for your prompt reply.
3|proportion|تناسب|A part in relation to the whole|A large proportion passed.
3|pursue|تعاقب کرنا|To follow or continue with|She pursued her studies abroad.
3|radical|بنیادی|Very new and different|They proposed a radical reform.
3|rationale|جواز|The reasons behind a decision|Explain the rationale for this rule.
3|reciprocal|باہمی|Given and received in return|Learning is a reciprocal process.
3|redundant|غیر ضروری|Not needed or repeated needlessly|Remove the redundant adjectives.
3|refine|نکھارنا|To improve by small changes|Refine your draft before submitting.
3|reinforce|مضبوط کرنا|To make stronger|Revision reinforces new vocabulary.
3|reluctant|ہچکچاتا ہوا|Unwilling and hesitant|He was reluctant to speak first.
3|render|بنا دینا|To cause to become|The noise rendered speech impossible.
3|resilient|لچکدار|Able to recover quickly|Children are remarkably resilient.
3|resolve|حل کرنا|To settle a problem firmly|They resolved the issue amicably.
3|restrain|قابو رکھنا|To hold back or control|She restrained her irritation.
3|retain|برقرار رکھنا|To keep or continue to have|Repetition helps you retain words.
3|reveal|ظاہر کرنا|To make known|The study revealed a clear pattern.
3|rigorous|سخت|Very thorough and strict|The training was rigorous.
3|scarce|نایاب|Not enough and hard to find|Clean water is scarce there.
3|scrutiny|جانچ پڑتال|Careful examination|The accounts came under scrutiny.
3|significant|اہم|Large enough to matter|There was a significant improvement.
3|simultaneous|بیک وقت|Happening at the same time|Simultaneous translation is demanding.
3|sophisticated|نفیس|Advanced and complex|It is a sophisticated argument.
3|speculate|قیاس آرائی کرنا|To guess without full evidence|We can only speculate about the cause.
3|stability|استحکام|The state of being steady|Economic stability encourages investment.
3|subsequent|بعد کا|Coming after something|Subsequent chapters are easier.
3|substantial|خاطر خواہ|Large in amount or importance|He made a substantial contribution.
3|subtle|باریک|Delicate and not obvious|There is a subtle difference in tone.
3|sufficient|کافی|As much as is needed|Two hours is sufficient.
3|supplement|اضافہ کرنا|To add something to improve|Supplement your reading with listening.
3|sustain|برقرار رکھنا|To keep something going|Can you sustain this pace?
3|tentative|عارضی|Not certain or final|These are tentative conclusions.
3|terminate|ختم کرنا|To bring to an end|They terminated the contract.
3|thereby|اس طرح|By that means|He arrived early, thereby avoiding the rush.
3|threshold|دہلیز|The level at which something begins|He has a low threshold for noise.
3|transition|منتقلی|A change from one state to another|The transition took two years.
3|transparent|شفاف|Open and easy to understand|The process must be transparent.
3|underlying|بنیادی|Hidden but important|What is the underlying cause?
3|undermine|کمزور کرنا|To weaken gradually|Constant criticism undermines confidence.
3|uniform|یکساں|The same in all cases|Apply the rule in a uniform way.
3|utilise|استعمال کرنا|To make practical use of|Utilise the time between classes.
3|valid|درست|Based on sound reasoning|That is a valid objection.
3|versatile|ہمہ گیر|Able to do many things well|He is a versatile writer.
3|viable|قابل عمل|Able to work successfully|The idea is commercially viable.
3|vigilant|چوکس|Watchful for danger|Stay vigilant near the crossing.
3|virtually|تقریباً|Almost completely|The hall was virtually empty.
3|widespread|وسیع پیمانے پر|Found over a large area|The belief is widespread.
3|yield|پیداوار دینا|To produce a result|Patience yields better results.
3|abstain|پرہیز کرنا|To choose not to do something|Two members abstained from voting.
3|accommodate|جگہ دینا|To provide space or adjust for|The hall accommodates three hundred people.
3|accumulate|جمع کرنا|To gather over time|Dust accumulated on the shelves.
3|adhere|قائم رہنا|To stick to or follow closely|Adhere to the agreed schedule.
3|adverse|منفی|Harmful or unfavourable|Adverse weather delayed the flight.
3|affluent|خوشحال|Wealthy|They moved to an affluent suburb.
3|aggregate|مجموعی|A total formed from parts|The aggregate score decided the match.
3|alleviate|کم کرنا|To make pain or trouble less|Simple exercises alleviate back pain.
3|allude|اشارہ کرنا|To mention indirectly|He alluded to the earlier dispute.
3|amplify|بڑھانا|To make larger or louder|Social media amplifies rumours.
3|analogy|تشبیہ|A comparison to explain something|He explained memory using an analogy.
3|anomaly|بے قاعدگی|Something that differs from the norm|The reading was clearly an anomaly.
3|apprehensive|فکرمند|Worried about the future|She felt apprehensive before the test.
3|arduous|کٹھن|Needing a lot of effort|It was an arduous climb.
3|ascertain|معلوم کرنا|To find out for certain|We must ascertain the facts first.
3|aspire|خواہش رکھنا|To have a strong ambition|He aspires to teach at university.
3|assimilate|جذب کرنا|To absorb and understand fully|Give the brain time to assimilate new rules.
3|augment|بڑھانا|To increase by adding|He augments his income by tutoring.
3|austere|سادہ|Very plain and severe|The room had an austere look.
3|avert|ٹالنا|To prevent something bad|Quick action averted a disaster.
3|benevolent|مہربان|Kind and generous|A benevolent donor funded the library.
3|candid|بے تکلف|Honest and direct|I will be candid with you.
3|catalyst|محرک|Something that causes change|Her speech was the catalyst for reform.
3|cease|بند ہونا|To stop happening|The rain ceased before dawn.
3|circumvent|چکما دینا|To find a way around a rule|They circumvented the restriction.
3|coerce|مجبور کرنا|To force by threat|No one should be coerced into signing.
3|cognitive|ادراکی|Relating to thinking and knowing|Sleep supports cognitive performance.
3|collaborate|تعاون کرنا|To work jointly with others|Two schools collaborated on the project.
3|commodity|جنس|A raw material that is traded|Wheat is a basic commodity.
3|compile|مرتب کرنا|To collect and arrange|She compiled a word list.
3|comprise|مشتمل ہونا|To consist of|The course comprises twelve units.
3|conceal|چھپانا|To hide something|He could not conceal his delight.
3|concede|تسلیم کرنا|To admit something is true|She conceded the point gracefully.
3|conducive|سازگار|Helping something to happen|Silence is conducive to study.
3|confer|مشورہ کرنا|To discuss or to grant|The degree was conferred last month.
3|conform|مطابقت اختیار کرنا|To follow accepted rules|The building conforms to safety codes.
3|congenial|خوشگوار|Pleasant and agreeable|We found a congenial atmosphere.
3|conjecture|قیاس|An opinion without proof|That remains pure conjecture.
3|consecutive|مسلسل|Following one after another|He won three consecutive matches.
3|contentious|متنازعہ|Likely to cause argument|It is a contentious topic.
3|contingent|مشروط|Depending on something else|Approval is contingent on funding.
3|conversely|اس کے برعکس|In an opposite way|Conversely, silence can also help.
3|culminate|انجام پانا|To reach a final result|Months of study culminated in success.
3|curtail|محدود کرنا|To reduce or cut short|They curtailed the programme.
3|decisive|فیصلہ کن|Settling an issue firmly|It was a decisive victory.
3|delegate|سپرد کرنا|To give a task to someone else|Good managers delegate freely.
3|deplete|ختم کرنا|To use up a supply|Long meetings deplete energy.
3|deter|روکنا|To discourage from acting|Heavy fines deter careless driving.
3|detrimental|نقصان دہ|Causing harm|Late nights are detrimental to focus.
3|devise|وضع کرنا|To invent a plan or method|He devised a simple revision system.
3|dilemma|مخمصہ|A difficult choice between options|She faced a real dilemma.
3|discern|پہچاننا|To notice or understand clearly|I could discern a slight accent.
3|disparity|تفاوت|A great difference|There is a wide disparity in results.
3|disseminate|پھیلانا|To spread information widely|The findings were disseminated online.
3|divert|موڑنا|To change the direction of|Traffic was diverted for two hours.
3|elicit|نکالنا|To draw out a response|The question elicited a long answer.
3|eloquent|فصیح|Speaking beautifully and persuasively|He gave an eloquent reply.
3|endorse|توثیق کرنا|To publicly support|Two experts endorsed the method.
3|endure|برداشت کرنا|To suffer patiently or last long|Their friendship endured for decades.
3|enumerate|گنوانا|To list one by one|Enumerate the main causes.
3|ephemeral|عارضی|Lasting a very short time|Fame can be ephemeral.
3|equitable|منصفانہ|Fair to everyone|We need an equitable solution.
3|eradicate|جڑ سے ختم کرنا|To destroy completely|The campaign aims to eradicate illiteracy.
3|exacerbate|بگاڑنا|To make a bad thing worse|Panic exacerbated the confusion.
3|expedite|تیز کرنا|To make happen sooner|Please expedite the paperwork.
3|extensive|وسیع|Covering a large area or amount|He has extensive experience.
3|fabricate|گھڑنا|To invent something false|He fabricated the whole story.
3|fallacy|مغالطہ|A mistaken belief|It is a fallacy that adults cannot learn.
3|formidable|زبردست|Impressive and difficult to deal with|She is a formidable debater.
3|fortify|مضبوط کرنا|To strengthen|Practice fortifies confidence.
3|frugal|کفایت شعار|Careful with money|He lives a frugal life.
3|futile|بے سود|Producing no useful result|Further argument would be futile.
3|hinder|رکاوٹ ڈالنا|To make progress difficult|Poor lighting hinders reading.
3|impartial|غیر جانبدار|Treating all sides equally|The judge remained impartial.
3|impede|رکاوٹ بننا|To slow down or block|Heavy bags impede movement.
3|imperative|ناگزیر|Extremely important and urgent|It is imperative to reply today.
3|inadvertent|غیر ارادی|Not done on purpose|It was an inadvertent omission.
3|incessant|مسلسل|Continuing without stopping|The incessant noise was exhausting.
3|indispensable|ناگزیر|Absolutely necessary|A dictionary is indispensable.
3|induce|آمادہ کرنا|To persuade or cause|Warm milk induces sleep.
3|ingenious|ذہین|Clever and original|That is an ingenious solution.
3|innate|فطری|Present from birth|Curiosity seems innate in children.
3|insight|بصیرت|Deep understanding|The book offers real insight.
3|intermittent|وقفے وقفے سے|Stopping and starting|The signal was intermittent.
3|invoke|پکارنا|To call on or refer to|He invoked an older rule.
3|lucid|واضح|Clear and easy to understand|She gave a lucid explanation.
3|meticulously|احتیاط سے|In a very careful way|The data was meticulously checked.
3|mundane|روزمرہ|Ordinary and dull|Even mundane tasks build discipline.
3|negate|رد کرنا|To cancel the effect of|One rude word negated an hour of goodwill.
3|nuance|باریکی|A very slight difference in meaning|Tone carries a lot of nuance.
3|obligation|ذمہ داری|Something you must do|We have an obligation to try.
3|omit|چھوڑ دینا|To leave out|Do not omit the article.
3|onerous|بھاری|Involving heavy effort|The conditions were onerous.
3|paramount|سب سے اہم|More important than anything|Safety is paramount.
3|penchant|رجحان|A strong liking for something|He has a penchant for long words.
3|perpetual|مسلسل|Never ending|She lives in perpetual motion.
3|pragmatic|عملی|Dealing with things practically|Take a pragmatic view of it.
3|precedent|نظیر|An earlier case used as an example|This ruling sets a precedent.
3|preclude|روکنا|To prevent from happening|Illness precluded his attendance.
3|profound|گہرا|Very great or deeply felt|The book had a profound effect.
3|proliferate|تیزی سے بڑھنا|To increase rapidly in number|Learning apps have proliferated.
3|prudent|دور اندیش|Careful and sensible|It is prudent to save early.
3|quantify|مقدار مقرر کرنا|To measure as a number|It is hard to quantify motivation.
3|rebuke|سرزنش کرنا|To criticise sharply|The captain rebuked him mildly.
3|rectify|درست کرنا|To correct a mistake|We rectified the error at once.
3|refute|تردید کرنا|To prove something wrong|He refuted the claim with data.
3|relinquish|چھوڑ دینا|To give up something|She relinquished her seat.
3|remedy|علاج|A cure or solution|Practice is the only remedy.
3|reprimand|سرزنش کرنا|To scold officially|He was reprimanded for lateness.
3|repudiate|رد کرنا|To reject formally|The party repudiated the statement.
3|resent|ناراض ہونا|To feel bitter about something|He resented the interruption.
3|reticent|کم گو|Unwilling to speak much|She is reticent about her past.
3|robust|مضبوط|Strong and healthy|The system is remarkably robust.
3|salient|نمایاں|Most noticeable or important|Summarise the salient points.
3|sanction|منظوری دینا|To approve or to punish|The board sanctioned the funds.
3|scrupulous|باریک بین|Very honest and careful|He is scrupulous about accuracy.
3|sequential|ترتیب وار|Following in order|The lessons are sequential.
3|solicit|درخواست کرنا|To ask for something|They solicited feedback from users.
3|stagnant|جامد|Not moving or developing|Progress became stagnant.
3|stringent|سخت|Strict and severe|Stringent rules apply here.
3|subordinate|ماتحت|Lower in rank or importance|Style is subordinate to clarity.
3|substantiate|ثابت کرنا|To support with evidence|Can you substantiate that claim?
3|succinct|مختصر اور جامع|Expressed clearly in few words|A succinct summary is best.
3|superficial|سطحی|Only on the surface|His knowledge is superficial.
3|surpass|بڑھ جانا|To be better than|Her results surpassed all expectations.
3|susceptible|حساس|Easily affected by something|Beginners are susceptible to discouragement.
3|tangible|ٹھوس|Real and able to be touched|We need tangible results.
3|tedious|اکتا دینے والا|Boring because it lasts too long|Copying lists is tedious.
3|trivial|معمولی|Of very little importance|Do not argue over trivial matters.
3|ubiquitous|ہر جگہ موجود|Present everywhere|Smartphones are now ubiquitous.
3|unanimous|متفقہ|Agreed by everyone|The decision was unanimous.
3|unprecedented|بے مثال|Never done or seen before|It was an unprecedented rise.
3|validate|توثیق کرنا|To confirm something is correct|Test results validated the method.
3|vindicate|بری کرنا|To prove someone was right|Time vindicated his judgement.
3|volatile|غیر مستحکم|Likely to change suddenly|The market remains volatile.
3|vulnerable|کمزور|Easily harmed|New learners feel vulnerable when speaking.
3|zealous|پرجوش|Showing great energy for a cause|He is a zealous reformer.
4|aberration|انحراف|A temporary departure from what is normal|The poor score was an aberration.
4|abhor|نفرت کرنا|To hate something very strongly|He abhors dishonesty in any form.
4|acquiesce|خاموشی سے مان لینا|To accept something without protest|She acquiesced to the new terms.
4|acrimonious|تلخ|Angry and bitter in tone|The debate turned acrimonious.
4|admonish|تنبیہ کرنا|To warn or scold gently|The teacher admonished him quietly.
4|adroit|ماہر|Skilful and quick, especially with the mind|He is adroit at handling criticism.
4|affable|خوش اخلاق|Friendly and easy to talk to|Our host was remarkably affable.
4|alacrity|تیزی|Cheerful willingness and speed|He accepted the task with alacrity.
4|altruism|ایثار|Unselfish concern for others|Her work is driven by pure altruism.
4|amalgamate|یکجا کرنا|To combine into one whole|The two departments were amalgamated.
4|ameliorate|بہتر بنانا|To make a bad situation better|Small reforms ameliorated the crisis.
4|anachronism|زمانی مغالطہ|Something out of its proper time|The typewriter is now an anachronism.
4|antipathy|نفرت|A strong feeling of dislike|There is deep antipathy between them.
4|apathy|بے حسی|A lack of interest or concern|Public apathy defeated the campaign.
4|arbiter|ثالث|A person who settles a dispute|Time is the final arbiter of quality.
4|archaic|فرسودہ|Very old and no longer used|The wording is deliberately archaic.
4|articulacy|فصاحت|The ability to express ideas clearly|Articulacy comes with wide reading.
4|assiduous|محنتی|Showing great care and persistence|He was assiduous in his revision.
4|astute|زیرک|Clever at judging situations|She is an astute negotiator.
4|audacious|جسور|Bold and daring|It was an audacious proposal.
4|austerity|کفایت شعاری|Severe simplicity or strict economy|Years of austerity followed the crisis.
4|banal|پیش پا افتادہ|Boring because it is so ordinary|The speech was full of banal phrases.
4|belligerent|جنگجو|Hostile and aggressive|His belligerent tone ended the talk.
4|bequeath|وراثت میں دینا|To leave something to someone after death|He bequeathed his library to the school.
4|blithe|بے پروا|Cheerfully unconcerned|She showed a blithe disregard for rules.
4|bombastic|پرشور|Using long words to sound important|The report was needlessly bombastic.
4|cacophony|شور|A harsh mixture of sounds|A cacophony rose from the market.
4|capitulate|ہتھیار ڈالنا|To surrender or stop resisting|They finally capitulated to the demands.
4|castigate|سخت تنقید کرنا|To criticise very severely|Reviewers castigated the film.
4|caustic|تیز و تند|Bitterly sarcastic|He made a caustic remark.
4|circumspect|محتاط|Careful to consider all consequences|Be circumspect in your promises.
4|clandestine|خفیہ|Kept secret, often improperly|They held clandestine meetings.
4|cogent|مدلل|Clear, logical and convincing|She presented a cogent argument.
4|commensurate|متناسب|In proportion to something|The pay is commensurate with experience.
4|complacent|مطمئن|Too satisfied to keep improving|Do not grow complacent after one success.
4|conciliatory|مصالحانہ|Intended to make peace|He struck a conciliatory tone.
4|connotation|ضمنی مفہوم|An idea suggested beyond the literal meaning|The word carries a negative connotation.
4|consternation|پریشانی|Anxiety and dismay|The news caused general consternation.
4|convoluted|پیچیدہ|Extremely complicated and hard to follow|The plot is unnecessarily convoluted.
4|copious|وافر|Very large in quantity|He took copious notes.
4|corroborate|تصدیق کرنا|To confirm with further evidence|Two witnesses corroborated the account.
4|culpable|قصوروار|Deserving blame|No single person was culpable.
4|cursory|سرسری|Quick and without attention to detail|He gave the draft a cursory glance.
4|debilitate|کمزور کرنا|To weaken severely|A long illness debilitated him.
4|decorum|آداب|Polite and correct behaviour|He behaved with perfect decorum.
4|defer|ملتوی کرنا|To postpone or to yield to another|We deferred the decision to Monday.
4|deference|احترام|Respectful submission to another|He spoke with deference to his elders.
4|delineate|خاکہ کھینچنا|To describe precisely|The chapter delineates three approaches.
4|denounce|مذمت کرنا|To condemn publicly|They denounced the practice as unfair.
4|derivative|ماخوذ|Copied from something else, not original|The style is frankly derivative.
4|desultory|بے ترتیب|Lacking a plan or enthusiasm|A desultory effort brings no reward.
4|dexterity|مہارت|Skill in using the hands or mind|Typing requires real dexterity.
4|didactic|تعلیمی|Intended to teach, often too much so|The tone became rather didactic.
4|diffident|جھجکنے والا|Shy and lacking confidence|He is diffident about speaking English.
4|digress|موضوع سے ہٹنا|To move away from the main subject|Let me digress for a moment.
4|disparage|تحقیر کرنا|To speak of as unimportant|Never disparage a beginner's effort.
4|disparate|مختلف|Very different in kind|The team brought disparate skills.
4|dogmatic|ہٹ دھرم|Insisting on beliefs without question|Avoid a dogmatic approach to grammar.
4|ebullient|پرجوش|Full of cheerful energy|She gave an ebullient performance.
4|eclectic|متنوع|Drawing from many different sources|His taste in books is eclectic.
4|efficacy|افادیت|The power to produce a result|The efficacy of the method is proven.
4|effusive|جذباتی|Expressing feelings very openly|He was effusive in his thanks.
4|egregious|فاش|Outstandingly bad|That was an egregious error.
4|elucidate|وضاحت کرنا|To make clear by explaining|Please elucidate the second point.
4|emulate|تقلید کرنا|To try to match someone admired|Young writers emulate their heroes.
4|enigma|معما|A mysterious person or thing|His silence remains an enigma.
4|equanimity|اطمینان|Calmness in a difficult situation|She faced the loss with equanimity.
4|equivocal|مبہم|Deliberately unclear|His reply was studiously equivocal.
4|erudite|فاضل|Having great knowledge from study|He wrote an erudite commentary.
4|esoteric|خاص لوگوں کے لیے|Understood by only a few|The topic is rather esoteric.
4|eulogy|تعریفی تقریر|A speech of high praise|He delivered a moving eulogy.
4|euphemism|حسن تعبیر|A mild word used for a harsh one|Let go is a euphemism for dismissed.
4|exacting|سخت گیر|Demanding great care and effort|She is an exacting editor.
4|exemplary|مثالی|Serving as a very good example|His conduct was exemplary.
4|exhaustive|جامع|Complete and covering everything|They made an exhaustive study.
4|exonerate|بری کرنا|To clear of blame|New evidence exonerated him.
4|expedient|مصلحت آمیز|Useful for a purpose, though not always right|It was a politically expedient move.
4|extol|تعریف کرنا|To praise highly|Critics extolled her first novel.
4|extraneous|غیر متعلق|Not relevant to the matter|Remove all extraneous detail.
4|facetious|مذاق اڑانے والا|Joking at an inappropriate time|His facetious remark annoyed everyone.
4|fastidious|نکتہ چیں|Very attentive to detail and hard to please|He is fastidious about spelling.
4|fervent|پرجوش|Showing very strong feeling|She made a fervent appeal.
4|flippant|بے پروا|Not serious when seriousness is needed|A flippant answer helps nobody.
4|fortuitous|اتفاقی|Happening by lucky chance|Their meeting was entirely fortuitous.
4|garrulous|باتونی|Talking too much about small things|Our garrulous neighbour stopped us again.
4|germane|متعلقہ|Closely relevant to the subject|That point is not germane here.
4|grandiose|شاندار|Impressive in an exaggerated way|He announced grandiose plans.
4|gregarious|ملنسار|Enjoying the company of others|Gregarious learners improve faster.
4|guile|چالاکی|Clever but dishonest behaviour|He won by guile rather than skill.
4|hackneyed|گھسا پٹا|Overused and no longer interesting|Avoid hackneyed expressions.
4|harbinger|پیش خیمہ|A sign of something coming|Cool nights are a harbinger of autumn.
4|hegemony|بالادستی|Dominance of one group over others|They resisted cultural hegemony.
4|iconoclast|روایت شکن|A person who attacks accepted beliefs|He was an iconoclast in his field.
4|idiosyncratic|منفرد|Peculiar to one individual|Her method is idiosyncratic but effective.
4|ignominious|رسوا کن|Deserving public shame|It was an ignominious defeat.
4|immutable|ناقابل تبدیل|Never changing|Some rules are not immutable.
4|impecunious|مفلس|Having very little money|The impecunious student walked everywhere.
4|imperious|حاکمانہ|Commanding in an arrogant way|He has an imperious manner.
4|impetuous|جلد باز|Acting quickly without thought|That was an impetuous decision.
4|implacable|ناقابل تسکین|Impossible to satisfy or calm|He is an implacable critic.
4|inchoate|نامکمل|Just begun and not fully formed|The idea is still inchoate.
4|incisive|تیز|Sharp, clear and direct|She made an incisive observation.
4|incongruous|بے جوڑ|Out of place with the surroundings|The modern sign looked incongruous.
4|incontrovertible|ناقابل تردید|Impossible to deny|The evidence is incontrovertible.
4|indefatigable|انتھک|Never getting tired|She is an indefatigable worker.
4|indolent|کاہل|Habitually lazy|An indolent term ruined his results.
4|ineffable|ناقابل بیان|Too great to be described|The view produced an ineffable calm.
4|inexorable|ناگزیر|Impossible to stop|The inexorable rise of English continues.
4|ingratiate|خوشامد کرنا|To try to gain favour|He tried to ingratiate himself with the board.
4|innocuous|بے ضرر|Harmless|It was an innocuous question.
4|inscrutable|ناقابل فہم|Impossible to understand from appearance|His expression stayed inscrutable.
4|insidious|خفیہ نقصان دہ|Harmful in a gradual, hidden way|Doubt is an insidious enemy.
4|insipid|پھیکا|Lacking flavour or interest|The essay was competent but insipid.
4|intractable|ناقابل حل|Very hard to control or solve|Poverty is an intractable problem.
4|inundate|بھر دینا|To flood or overwhelm|We were inundated with questions.
4|invective|سخت الفاظ|Bitterly abusive language|He responded with pure invective.
4|irascible|چڑچڑا|Easily made angry|The irascible clerk snapped at us.
4|itinerant|خانہ بدوش|Travelling from place to place|An itinerant teacher visited the village.
4|juxtapose|ساتھ رکھنا|To place side by side for comparison|Juxtapose the two drafts.
4|laconic|مختصر گو|Using very few words|His laconic reply said everything.
4|lament|ماتم کرنا|To express deep sorrow|They lamented the loss of the old library.
4|languid|سست|Slow and lacking energy|The afternoon was hot and languid.
4|largesse|فیاضی|Generosity in giving|The hospital survives on public largesse.
4|latent|پوشیدہ|Present but not yet visible|Every learner has latent ability.
4|laudable|قابل تعریف|Deserving praise|It is a laudable initiative.
4|lethargic|سست|Lacking energy|Heavy meals make me lethargic.
4|levity|ہلکا پن|Humour when seriousness is expected|A little levity eased the tension.
4|litany|طویل فہرست|A long repeated list of complaints|He recited a litany of excuses.
4|loquacious|باتونی|Very talkative|Our loquacious guide never paused.
4|magnanimous|فراخ دل|Generous towards a rival|He was magnanimous in victory.
4|malleable|لچکدار|Easily influenced or shaped|Young minds are highly malleable.
4|maverick|آزاد خیال|An independent thinker who rejects norms|He is the maverick of the department.
4|mercurial|بدلتا ہوا|Changing mood quickly|Her mercurial temper surprises people.
4|meritorious|قابل ستائش|Deserving reward or praise|The work is genuinely meritorious.
4|misnomer|غلط نام|A wrong or unsuitable name|Free trial is something of a misnomer.
4|mitigating|تخفیف کرنے والا|Making a fault seem less serious|The court considered mitigating factors.
4|modicum|تھوڑی مقدار|A small amount|A modicum of effort would help.
4|morose|اداس|Gloomy and bad tempered|He became morose after the result.
4|myriad|بے شمار|A very great number|There are myriad ways to learn.
4|nascent|نوزائیدہ|Just beginning to develop|The nascent programme needs support.
4|nebulous|دھندلا|Vague and unclear|His plan remains nebulous.
4|nefarious|شریرانہ|Wicked or criminal|They uncovered a nefarious scheme.
4|nonchalant|بے پروا|Calmly unconcerned|He gave a nonchalant shrug.
4|obfuscate|الجھانا|To make something deliberately unclear|Jargon often obfuscates simple ideas.
4|obsequious|چاپلوس|Excessively obedient and flattering|His obsequious manner irritated everyone.
4|obstinate|ضدی|Refusing to change your mind|He is obstinate about small details.
4|officious|بلاوجہ مداخلت کرنے والا|Too eager to give unwanted help|An officious clerk delayed us.
4|opaque|غیر شفاف|Hard to see through or understand|The wording is deliberately opaque.
4|opulent|پرتعیش|Rich and luxurious|They stayed in an opulent hotel.
4|ostensible|بظاہر|Apparent but not necessarily true|The ostensible reason was illness.
4|ostentatious|نمائشی|Showing wealth to impress others|He drives an ostentatious car.
4|palpable|محسوس ہونے والا|So intense it can almost be felt|The relief was palpable.
4|panacea|ہر مرض کا علاج|A cure for all problems|Technology is no panacea.
4|paradigm|نمونہ|A typical model or pattern|The book proposed a new paradigm.
4|partisan|جانبدار|Strongly supporting one side|Avoid partisan language in essays.
4|paucity|قلت|A very small amount of something|There is a paucity of good data.
4|pedantic|نکتہ چیں|Too concerned with small rules|Do not be pedantic about accents.
4|penurious|نہایت غریب|Extremely poor or very mean|He led a penurious existence.
4|perfunctory|رسمی|Done with minimum effort|She gave a perfunctory nod.
4|pernicious|مہلک|Causing serious harm gradually|Perfectionism can be pernicious.
4|perspicacious|زیرک|Having sharp insight|A perspicacious reader spots the flaw.
4|philanthropy|انسان دوستی|Giving generously to good causes|The school was built through philanthropy.
4|placate|منانا|To calm someone who is angry|He tried to placate the crowd.
4|platitude|گھسا پٹا جملہ|A dull remark used too often|The speech was full of platitudes.
4|plethora|کثرت|An excessive amount|There is a plethora of choices.
4|poignant|دل گداز|Causing a sharp feeling of sadness|It was a poignant farewell.
4|polemic|جدلی تحریر|A strong written attack on an opinion|The essay is a fierce polemic.
4|ponderous|بھاری|Slow and heavy or dull|The chapter is rather ponderous.
4|pragmatism|عملیت پسندی|Dealing with things in a practical way|His pragmatism saved the project.
4|precarious|غیر یقینی|Uncertain and likely to fail|Their finances are precarious.
4|precocious|قبل از وقت پختہ|Developing ability earlier than usual|She is a precocious reader.
4|predilection|رجحان|A strong liking for something|He has a predilection for old films.
4|preponderance|اکثریت|The greater part or weight|The preponderance of evidence favours it.
4|prescient|دور اندیش|Knowing about things before they happen|His warning proved prescient.
4|prevaricate|ٹال مٹول کرنا|To avoid telling the truth directly|Stop prevaricating and answer.
4|proclivity|میلان|A natural tendency|He has a proclivity for exaggeration.
4|prodigious|زبردست|Impressively large|She has a prodigious memory.
4|profligate|فضول خرچ|Wasteful with money or resources|Profligate spending ruined the firm.
4|prolific|زرخیز|Producing a great deal|He is a prolific writer.
4|propensity|رجحان|A natural inclination|A propensity to worry can be managed.
4|propitious|سازگار|Favourable for success|The timing was propitious.
4|prosaic|عام|Dull and lacking imagination|The explanation was disappointingly prosaic.
4|protracted|طویل|Lasting longer than expected|After protracted talks they agreed.
4|puerile|بچگانہ|Childish and silly|The argument became puerile.
4|pugnacious|جھگڑالو|Eager to argue or fight|He has a pugnacious style.
4|punctilious|باریک بین|Very careful about correct behaviour|He is punctilious about punctuation.
4|quandary|مخمصہ|A state of uncertainty|I am in a real quandary.
4|querulous|شکایتی|Complaining in a whining way|A querulous voice came from behind.
4|quiescent|ساکن|Inactive or at rest|The issue lay quiescent for years.
4|quintessential|مثالی|The most perfect example of something|It is the quintessential beginner mistake.
4|rancour|کینہ|Long lasting bitterness|They parted without rancour.
4|rapport|ہم آہنگی|A close and harmonious relationship|The teacher built instant rapport.
4|recalcitrant|سرکش|Stubbornly refusing to obey|A recalcitrant student tests any teacher.
4|recondite|گہرا|Dealing with obscure subject matter|The footnotes are recondite.
4|redolent|یاد دلانے والا|Strongly reminding you of something|The street was redolent of old Lahore.
4|refractory|سرکش|Hard to control or treat|A refractory habit takes months to break.
4|relegate|تنزلی کرنا|To move to a lower position|The topic was relegated to an appendix.
4|remonstrate|احتجاج کرنا|To protest or argue against|He remonstrated with the driver.
4|replete|بھرپور|Filled with something|The chapter is replete with examples.
4|reprehensible|قابل مذمت|Deserving strong criticism|Such conduct is reprehensible.
4|rescind|منسوخ کرنا|To cancel officially|The order was rescinded.
4|resolute|پرعزم|Determined and unwavering|She remained resolute throughout.
4|reverent|با ادب|Showing deep respect|He spoke in a reverent tone.
4|rhetoric|بلاغت|The art of persuasive speaking|His rhetoric moved the audience.
4|ruminate|غور کرنا|To think deeply for a long time|He ruminated on the question for days.
4|sagacious|دانا|Showing wisdom and good judgement|A sagacious elder advised patience.
4|sanguine|پرامید|Cheerfully optimistic|He is sanguine about the outcome.
4|sardonic|طنزیہ|Mocking in a bitter way|She gave a sardonic smile.
4|schism|پھوٹ|A deep division in a group|The schism weakened the movement.
4|sedulous|محنتی|Showing dedicated persistence|Sedulous practice pays off.
4|serendipity|خوش قسمت اتفاق|Finding something good by chance|Their meeting was pure serendipity.
4|servile|غلامانہ|Excessively willing to obey|Avoid a servile tone in letters.
4|soporific|نیند آور|Causing sleepiness|The lecture was frankly soporific.
4|spurious|جعلی|False though appearing genuine|The claim rests on spurious data.
4|squalid|گندا|Extremely dirty and unpleasant|They lived in squalid conditions.
4|staid|سنجیدہ|Serious and rather dull|The magazine has a staid design.
4|stoic|صابر|Enduring pain without complaint|He was stoic about the setback.
4|strident|کرخت|Loud and harsh in tone|The debate grew strident.
4|sublime|عظیم|Of the highest excellence or beauty|The final page is simply sublime.
4|supercilious|مغرور|Behaving as if superior to others|His supercilious manner offended them.
4|superfluous|فالتو|More than is needed|Cut every superfluous word.
4|surreptitious|خفیہ|Done secretly to avoid notice|He took a surreptitious glance.
4|sycophant|خوشامدی|A person who flatters for advantage|Beware of sycophants around power.
4|taciturn|کم گو|Saying very little|Our taciturn host offered only tea.
4|tacit|غیر اعلانیہ|Understood without being stated|There was tacit agreement to stop.
4|tantamount|برابر|Equivalent in effect to something bad|Silence here is tantamount to consent.
4|temerity|جسارت|Excessive boldness|He had the temerity to interrupt.
4|tenacious|ثابت قدم|Holding firmly and not giving up|She is a tenacious learner.
4|tenuous|کمزور|Very weak or slight|The connection is tenuous at best.
4|tirade|لمبی تقریر|A long angry speech|He launched into a tirade.
4|torpid|سست|Mentally or physically inactive|The heat left everyone torpid.
4|tractable|فرمانبردار|Easy to control or deal with|The problem proved surprisingly tractable.
4|transient|عارضی|Lasting only a short time|Motivation is often transient.
4|trepidation|خوف|Nervous fear about the future|She opened the envelope with trepidation.
4|truculent|جھگڑالو|Aggressively defiant|A truculent reply ended the matter.
4|turgid|پیچیدہ|Swollen or written in a heavy style|The prose is turgid and unclear.
4|ubiquity|ہمہ گیری|The state of being everywhere|The ubiquity of English is striking.
4|umbrage|ناراضگی|Offence or annoyance|He took umbrage at the remark.
4|unassailable|ناقابل تسخیر|Impossible to attack or question|Her argument is unassailable.
4|uncanny|پراسرار|Strange in an unsettling way|He has an uncanny memory for names.
4|unctuous|چکنی چپڑی باتیں کرنے والا|Excessively flattering and insincere|The salesman was unctuous.
4|undulate|لہرانا|To move in a wave-like way|The fields undulate towards the river.
4|untenable|ناقابل دفاع|Impossible to defend|That position is untenable.
4|upbraid|ڈانٹنا|To scold severely|He upbraided them for carelessness.
4|usurp|ناجائز قبضہ کرنا|To take power without right|No one may usurp that authority.
4|vacillate|تذبذب میں ہونا|To keep changing your mind|He vacillated for weeks.
4|vacuous|بے مغز|Showing no thought or intelligence|A vacuous smile is not an answer.
4|vanguard|پیش رو|The leading position in a movement|They are in the vanguard of reform.
4|vehement|شدید|Showing very strong feeling|He made a vehement denial.
4|venerable|قابل احترام|Respected because of age or wisdom|A venerable scholar opened the session.
4|veracity|سچائی|Truthfulness and accuracy|No one doubted his veracity.
4|verbose|طویل کلام|Using far more words than needed|The introduction is verbose.
4|vexation|جھنجھلاہٹ|Annoyance and irritation|He hid his vexation politely.
4|vicarious|بالواسطہ|Experienced through another person|Parents feel vicarious pride.
4|vicissitude|نشیب و فراز|A change of fortune|He endured the vicissitudes of life calmly.
4|vilify|بدنام کرنا|To speak very badly of someone|The press vilified him unfairly.
4|virtuoso|ماہر فن|A person with outstanding skill|She is a virtuoso of the language.
4|vitriolic|زہریلا|Filled with bitter criticism|The review was vitriolic.
4|vociferous|شور مچانے والا|Expressing opinions loudly|There was vociferous opposition.
4|voracious|حریص|Wanting large amounts, especially of food or books|He is a voracious reader.
4|wanton|بے لگام|Deliberate and without reason|It was wanton destruction.
4|winsome|دلکش|Attractive in a charming, innocent way|She has a winsome manner.
4|zenith|عروج|The highest point|His career reached its zenith.
4|abeyance|التوا|A temporary state of suspension|The rule is in abeyance.
4|accolade|اعزاز|An award or expression of praise|The book received many accolades.
4|acumen|بصیرت|Sharp judgement in a field|Her business acumen is remarkable.
4|adamant|اڑا ہوا|Refusing to be persuaded|He was adamant about the deadline.
4|adulation|چاپلوسی|Excessive praise|Public adulation can be dangerous.
4|aegis|سرپرستی|The protection or support of someone|The event ran under the aegis of the council.
4|affinity|قربت|A natural liking or connection|She feels an affinity for old languages.
4|aggrandise|بڑھا چڑھا کر پیش کرنا|To increase power or importance|The reform was used to aggrandise the office.
4|alacritous|چست|Quick and eager|An alacritous response impressed the panel.
4|allegory|تمثیل|A story with a hidden moral meaning|The novel works as an allegory.
4|ameliorative|اصلاحی|Tending to improve a bad situation|They took ameliorative steps at once.
4|anathema|قابل نفرت شے|Something strongly disliked|Careless spelling is anathema to editors.
4|animosity|دشمنی|Strong hostility|Old animosity resurfaced quickly.
4|antithesis|ضد|The exact opposite|Haste is the antithesis of care.
4|apposite|موزوں|Very appropriate to the situation|He chose an apposite quotation.
4|approbation|منظوری|Formal approval or praise|The plan won general approbation.
4|arcane|پراسرار|Mysterious and known to few|The rules seem arcane at first.
4|ardour|جوش|Great enthusiasm or passion|He studies with real ardour.
4|artifice|چال|Clever deception|The effect was achieved by artifice.
4|ascetic|زاہد|Practising severe self-discipline|He lived an ascetic life.
4|aspersion|بہتان|An unfair damaging remark|Do not cast aspersions on his motives.
4|assuage|کم کرنا|To make an unpleasant feeling less strong|Her words assuaged his fear.
4|attenuate|کمزور کرنا|To reduce in force or value|Distance attenuates the signal.
4|avarice|لالچ|Extreme greed for wealth|Avarice destroyed the partnership.
4|beguile|بہکانا|To charm, often deceptively|The style beguiles the casual reader.
4|bereft|محروم|Deprived of something|He was bereft of all support.
4|bolster|تقویت دینا|To support and strengthen|New data bolstered the argument.
4|bucolic|دیہاتی|Relating to pleasant country life|The painting shows a bucolic scene.
4|burgeon|پھلنا پھولنا|To grow rapidly|Interest in the course burgeoned.
4|cajole|پھسلانا|To persuade with gentle flattery|She cajoled him into presenting.
4|callous|بے رحم|Cruelly insensitive|That was a callous remark.
4|capricious|بے ثبات|Changing suddenly without reason|The weather here is capricious.
4|censure|ملامت|Strong formal disapproval|The report drew official censure.
4|chicanery|فریب|Clever trickery|The deal collapsed amid chicanery.
4|circumlocution|لفاظی|Using too many words to say something|Avoid circumlocution in formal writing.
4|cogitate|سوچنا|To think carefully|He cogitated over the phrasing.
4|commiserate|ہمدردی کرنا|To express sympathy|We commiserated with the losing team.
4|compendium|خلاصہ|A concise collection of information|This unit is a compendium of idioms.
4|compunction|پشیمانی|A feeling of guilt|He felt no compunction about refusing.
4|contrite|نادم|Feeling genuine regret|He wrote a contrite apology.
4|craven|بزدل|Completely lacking courage|It was a craven retreat.
4|dearth|قلت|A serious lack of something|There is a dearth of qualified teachers.
4|debacle|ناکامی|A complete failure|The launch was a debacle.
4|decry|مذمت کرنا|To criticise publicly|Educators decry rote learning.
4|demure|شرمیلا|Quiet, modest and reserved|She gave a demure answer.
4|deride|مذاق اڑانا|To laugh at with contempt|Do not deride a learner's accent.
4|desiccated|خشک|Completely dried out|The prose felt desiccated.
4|diatribe|سخت تنقید|A bitter verbal attack|The article is a long diatribe.
4|dilatory|سست رو|Slow and tending to delay|Dilatory replies cost the contract.
4|disabuse|غلط فہمی دور کرنا|To free someone of a false idea|Let me disabuse you of that notion.
4|discomfit|پریشان کرنا|To make uneasy or confused|The question discomfited the speaker.
4|dispassionate|غیر جانبدار|Not influenced by emotion|We need a dispassionate review.
4|dissemble|چھپانا|To hide your real feelings|He dissembled his disappointment.
4|dissonance|بے آہنگی|A harsh lack of harmony|There is dissonance between policy and practice.
4|dour|سخت مزاج|Stern and gloomy|The dour official said nothing.
4|duplicity|دوغلا پن|Deceitful double dealing|Their duplicity was soon exposed.
4|edify|اخلاقی تربیت دینا|To improve someone morally|The stories edify as well as entertain.
4|effrontery|ڈھٹائی|Shameless boldness|He had the effrontery to complain.
4|elegy|مرثیہ|A sad poem for someone who died|The chapter reads like an elegy.
4|emollient|نرم کرنے والا|Softening or soothing|He used emollient language.
4|enervate|کمزور کرنا|To drain of energy|The humidity enervates everyone.
4|engender|پیدا کرنا|To cause a feeling or situation|Praise engenders confidence.
4|ennui|اکتاہٹ|Listless boredom|A term of ennui followed.
4|epitome|مجسم نمونہ|A perfect example of a quality|He is the epitome of patience.
4|equivocate|ٹال مٹول کرنا|To speak vaguely to avoid commitment|Do not equivocate on this point.
4|espouse|حمایت کرنا|To adopt and support a cause|They espoused a simpler method.
4|evanescent|زودگزر|Quickly fading away|Enthusiasm can be evanescent.
4|exculpate|بری کرنا|To show someone is not guilty|The report exculpated the staff.
4|fatuous|احمقانہ|Silly and pointless|That was a fatuous objection.
4|felicitous|موزوں|Well chosen and apt|A felicitous phrase closed the essay.
4|fecund|زرخیز|Highly productive|It was a fecund period for the language.
4|florid|پرتکلف|Overly elaborate in style|His florid prose obscures the point.
4|foment|بھڑکانا|To stir up trouble|Rumours fomented unrest.
4|forbearance|تحمل|Patient self control|She showed remarkable forbearance.
4|fractious|چڑچڑا|Irritable and quarrelsome|The class grew fractious by noon.
4|fulsome|حد سے زیادہ|Excessive to the point of insincerity|He offered fulsome praise.
4|gainsay|تردید کرنا|To deny or contradict|No one can gainsay her record.
4|galvanise|متحرک کرنا|To shock into action|The result galvanised the team.
4|halcyon|پرسکون|Peaceful and happy|He recalled halcyon student days.
4|harangue|لمبی تقریر|A long aggressive speech|The meeting became a harangue.
4|iconoclastic|روایت شکن|Attacking cherished beliefs|Her iconoclastic essay caused a stir.
4|impugn|اعتراض کرنا|To question the honesty of someone|He impugned their motives.
4|inimical|مخالف|Harmful or hostile to something|Constant noise is inimical to study.
4|insouciant|بے پروا|Casually unconcerned|He gave an insouciant reply.
4|intransigent|اڑیل|Refusing to compromise|Both sides remained intransigent.
4|inveterate|پکا|Having a long established habit|He is an inveterate note taker.
4|jejune|پھیکا|Naive and lacking substance|The argument is rather jejune.
4|jocular|مزاحیہ|Fond of joking|His jocular tone lightened the room.
4|lassitude|سستی|A state of weariness|Afternoon lassitude affects everyone.
4|licentious|بے قید|Ignoring accepted rules|The style is licentious with grammar.
4|munificent|فیاض|Extremely generous|A munificent gift built the wing.
4|nadir|پستی|The lowest point|Confidence reached its nadir that week.
4|obdurate|سنگدل|Stubbornly refusing to change|He stayed obdurate to the end.
4|obviate|ٹال دینا|To remove the need for something|Good planning obviates panic.
4|pellucid|شفاف|Very clear in meaning|Her explanation is pellucid.
4|penury|افلاس|Extreme poverty|He wrote in near penury.
4|perfidy|بے وفائی|Deliberate betrayal of trust|The perfidy was never forgotten.
4|pertinacious|ثابت قدم|Stubbornly determined|A pertinacious learner always wins.
4|probity|دیانت|Complete honesty|His probity was beyond doubt.
4|puissant|طاقتور|Having great power|A puissant argument settled it.
4|recrimination|جوابی الزام|An accusation made in return|The talks ended in recrimination.
4|redoubtable|قابل احترام حریف|Formidable and worthy of respect|She is a redoubtable opponent.
4|salubrious|صحت بخش|Good for the health|The hill air is salubrious.
4|specious|بظاہر درست|Seeming right but actually false|That is a specious argument.
4|surfeit|زیادتی|An excessive amount|A surfeit of detail confuses readers.
4|sycophancy|خوشامد|Insincere flattery for gain|Sycophancy corrodes good teams.
4|timorous|ڈرپوک|Nervous and lacking confidence|A timorous voice asked the question.
4|trenchant|کاٹ دار|Sharp and forceful in expression|He made a trenchant criticism.
4|turpitude|بدکرداری|Wicked or immoral behaviour|The charge involved moral turpitude.
4|welter|انبار|A confused mass of things|A welter of rules confuses beginners.
